{
  "total_datasets": 95,
  "total_examples": 4750,
  "dataset_scores": {
    "complex_arithmetic": 0.9038960171053936,
    "intermediate_integration": 0.6952000000000002,
    "polynomial_equations": 0.8783707385931584,
    "polynomial_multiplication": 0.772,
    "simple_equations": 1.0,
    "simple_integration": 0.7909999999999999,
    "ab": 0.04939999999999983,
    "base_conversion": 1.0,
    "binary_alternation": 0.28719999999999984,
    "binary_matrix": 0.04959999999999997,
    "caesar_cipher": 0.5240271914132382,
    "count_primes": 0.010000000000000004,
    "cryptarithm": 0.3263000000000001,
    "game_of_life": 0.010000000000000004,
    "graph_color": 0.4852000000000002,
    "group_anagrams": 0.8416,
    "isomorphic_strings": 0.9208,
    "jugs": 0.1881999999999998,
    "letter_counting": 0.7426,
    "letter_jumble": 0.6436000000000002,
    "manipulate_matrix": 0.7515953754578755,
    "number_filtering": 0.9604,
    "number_sorting": 1.0,
    "palindrome": 0.7464,
    "palindrome_partitioning": 0.0693999999999999,
    "pool_matrix": 0.3786,
    "ransom_note": 0.8614,
    "rotate_matrix": 0.8812000000000002,
    "rotten_oranges": 0.14859999999999984,
    "sentence_reordering": 0.26509035409035425,
    "spell_backward": 1.0,
    "spiral_matrix": 0.3268,
    "string_insertion": 0.7228,
    "string_manipulation": 0.08757142857142843,
    "string_splitting": 0.6436000000000002,
    "string_synthesis": 0.7426000000000001,
    "word_ladder": 0.13949999999999987,
    "word_sequence_reversal": 1.0,
    "word_sorting": 0.8454,
    "arc_1d": 0.36640000000000017,
    "arc_agi": 0.20199999999999996,
    "rearc": 0.35400000000000026,
    "basic_arithmetic": 0.9009999999999999,
    "bitwise_arithmetic": 0.36640000000000017,
    "calendar_arithmetic": 0.9391690470715741,
    "chain_sum": 1.0,
    "count_bits": 0.16839999999999986,
    "decimal_arithmetic": 0.08919999999999995,
    "decimal_chain_sum": 0.9603999999999999,
    "dice": 0.010000000000000004,
    "fraction_simplification": 0.39740000000000014,
    "gcd": 1.0,
    "gsm_symbolic": 0.9244,
    "lcm": 1.0,
    "leg_counting": 0.9405999999999999,
    "number_format": 1.0,
    "power_function": 0.5940000000000003,
    "prime_factorization": 0.9604,
    "products": 0.8416,
    "time_intervals": 0.698704675,
    "bf": 0.30699999999999983,
    "codeio": 0.4060000000000001,
    "color_cube_rotation": 0.6040000000000003,
    "figlet_font": 0.17599999999999993,
    "needle_haystack": 1.0,
    "number_sequence": 0.8020000000000002,
    "rectangle_count": 0.4852,
    "rubiks_cube": 0.049199999999999994,
    "countdown": 0.4680000000000002,
    "emoji_mystery": 0.013133333333333339,
    "futoshiki": 0.5262500000000001,
    "knight_swap": 0.029800000000000004,
    "maze": 0.28719999999999984,
    "mini_sudoku": 0.71175,
    "n_queens": 0.20799999999999985,
    "rush_hour": 0.0,
    "sokoban": 0.09999999999999996,
    "sudoku": 0.7282222222222223,
    "tower_of_hanoi": 0.29625714285714283,
    "tsumego": 0.3540000000000002,
    "advanced_geometry": 0.07279999999999993,
    "simple_geometry": 0.8900000000000001,
    "course_schedule": 0.9802000000000001,
    "family_relationships": 0.7228000000000001,
    "largest_island": 0.7030000000000001,
    "quantum_lock": 0.3039999999999998,
    "shortest_path": 0.16839999999999988,
    "list_functions": 0.7228,
    "aiw": 0.3268,
    "circuit_logic": 0.802,
    "knights_knaves": 0.8066,
    "propositional_logic": 0.6090000000000001,
    "self_reference": 0.1359999999999998,
    "syllogism": 0.8614,
    "zebra_puzzles": 0.5644000000000002
  },
  "timestamp": "2025-02-27T23:00:02.716747",
  "git_hash": "5b8d1b5175c4e8dcb00c3adad2b6c4c44d274adc",
  "model": "anthropic/claude-3.5-sonnet",
  "provider": "Anthropic",
  "duration_seconds": 2647.705059
}