{
  "total_datasets": 100,
  "total_examples": 5000,
  "dataset_best_scores": {
    "complex_arithmetic": 1.0,
    "intermediate_integration": 0.96,
    "polynomial_equations": 0.9990873413587014,
    "polynomial_multiplication": 0.0,
    "simple_equations": 0.82,
    "simple_integration": 0.84,
    "ab": 0.24,
    "base_conversion": 0.98,
    "binary_alternation": 0.02,
    "binary_matrix": 0.0,
    "caesar_cipher": 0.31859311548966185,
    "count_primes": 0.02,
    "cryptarithm": 0.3999944444444445,
    "game_of_life": 0.8316,
    "game_of_life_halting": 1.0,
    "graph_color": 0.98,
    "group_anagrams": 0.8019999999999999,
    "isomorphic_strings": 0.48,
    "jugs": 0.96,
    "letter_counting": 0.7,
    "letter_jumble": 0.6886292623099414,
    "manipulate_matrix": 0.12,
    "number_filtering": 1.0,
    "number_sorting": 0.68,
    "palindrome_generation": 0.04060000000000001,
    "palindrome_partitioning": 0.52,
    "pool_matrix": 0.002,
    "ransom_note": 0.6,
    "rotate_matrix": 0.16,
    "rotten_oranges": 0.0,
    "sentence_reordering": 0.08493608247601632,
    "spell_backward": 0.768095238095238,
    "spiral_matrix": 0.0,
    "string_insertion": 0.62,
    "string_manipulation": 0.23888695652173916,
    "string_splitting": 0.98,
    "string_synthesis": 0.92,
    "word_ladder": 0.365,
    "word_sequence_reversal": 0.9999388379204893,
    "word_sorting": 0.8207513544591276,
    "arc_1d": 0.5567481864854191,
    "arc_agi": 0.12299999999999997,
    "rearc": 0.12999999999999992,
    "basic_arithmetic": 0.9,
    "bitwise_arithmetic": 0.16,
    "calendar_arithmetic": 1.0,
    "chain_sum": 0.96,
    "count_bits": 0.28,
    "decimal_arithmetic": 0.02,
    "decimal_chain_sum": 0.44,
    "dice": 0.02,
    "fraction_simplification": 1.0,
    "gcd": 1.0,
    "gsm_symbolic": 1.0,
    "lcm": 0.88,
    "leg_counting": 0.72,
    "number_format": 0.96,
    "power_function": 0.5248000000000003,
    "prime_factorization": 1.0,
    "products": 0.04,
    "time_intervals": 0.9990564787037037,
    "bf": 0.0,
    "codeio": 0.1710539626735345,
    "color_cube_rotation": 0.5446000000000002,
    "figlet_font": 0.036000000000000004,
    "modulo_grid": 0.2595119047619048,
    "needle_haystack": 1.0,
    "number_sequence": 1.0,
    "rectangle_count": 0.38,
    "rubiks_cube": 0.04260000000000001,
    "countdown": 0.6560000000000001,
    "emoji_mystery": 0.010000000000000004,
    "futoshiki": 0.20730265875274412,
    "knight_swap": 0.46,
    "mahjong_puzzle": 0.52,
    "maze": 0.14,
    "mini_sudoku": 0.9740540540540542,
    "n_queens": 0.02,
    "puzzle24": 0.9201999999999999,
    "rush_hour": 0.009200000000000005,
    "sokoban": 0.06,
    "sudoku": 0.3944444444444444,
    "tower_of_hanoi": 0.08938709677419354,
    "tsumego": 0.7144095238095238,
    "advanced_geometry": 0.4526000000000003,
    "simple_geometry": 0.932,
    "course_schedule": 0.6,
    "family_relationships": 0.88,
    "largest_island": 0.16,
    "quantum_lock": 0.8,
    "shortest_path": 0.02,
    "acre": 0.94,
    "list_functions": 0.86,
    "aiw": 0.78,
    "circuit_logic": 0.82,
    "knights_knaves": 1.0,
    "propositional_logic": 0.775,
    "self_reference": 0.98,
    "syllogism": 0.94,
    "zebra_puzzles": 0.84
  },
  "dataset_mean_scores": {
    "complex_arithmetic": 1.0,
    "intermediate_integration": 0.96,
    "polynomial_equations": 0.9990873413587014,
    "polynomial_multiplication": 0.0,
    "simple_equations": 0.82,
    "simple_integration": 0.84,
    "ab": 0.24,
    "base_conversion": 0.98,
    "binary_alternation": 0.02,
    "binary_matrix": 0.0,
    "caesar_cipher": 0.31859311548966185,
    "count_primes": 0.02,
    "cryptarithm": 0.3999944444444445,
    "game_of_life": 0.8316,
    "game_of_life_halting": 1.0,
    "graph_color": 0.98,
    "group_anagrams": 0.8019999999999999,
    "isomorphic_strings": 0.48,
    "jugs": 0.96,
    "letter_counting": 0.7,
    "letter_jumble": 0.6886292623099414,
    "manipulate_matrix": 0.12,
    "number_filtering": 1.0,
    "number_sorting": 0.68,
    "palindrome_generation": 0.04060000000000001,
    "palindrome_partitioning": 0.52,
    "pool_matrix": 0.002,
    "ransom_note": 0.6,
    "rotate_matrix": 0.16,
    "rotten_oranges": 0.0,
    "sentence_reordering": 0.08493608247601632,
    "spell_backward": 0.768095238095238,
    "spiral_matrix": 0.0,
    "string_insertion": 0.62,
    "string_manipulation": 0.23888695652173916,
    "string_splitting": 0.98,
    "string_synthesis": 0.92,
    "word_ladder": 0.365,
    "word_sequence_reversal": 0.9999388379204893,
    "word_sorting": 0.8207513544591276,
    "arc_1d": 0.5567481864854191,
    "arc_agi": 0.12299999999999997,
    "rearc": 0.12999999999999992,
    "basic_arithmetic": 0.9,
    "bitwise_arithmetic": 0.16,
    "calendar_arithmetic": 1.0,
    "chain_sum": 0.96,
    "count_bits": 0.28,
    "decimal_arithmetic": 0.02,
    "decimal_chain_sum": 0.44,
    "dice": 0.02,
    "fraction_simplification": 1.0,
    "gcd": 1.0,
    "gsm_symbolic": 1.0,
    "lcm": 0.88,
    "leg_counting": 0.72,
    "number_format": 0.96,
    "power_function": 0.5248000000000003,
    "prime_factorization": 1.0,
    "products": 0.04,
    "time_intervals": 0.9990564787037037,
    "bf": 59.42,
    "codeio": 0.1710539626735345,
    "color_cube_rotation": 0.5446000000000002,
    "figlet_font": 0.036000000000000004,
    "modulo_grid": 0.2595119047619048,
    "needle_haystack": 1.0,
    "number_sequence": 1.0,
    "rectangle_count": 0.38,
    "rubiks_cube": 0.04260000000000001,
    "countdown": 0.6564000000000001,
    "emoji_mystery": 0.010000000000000004,
    "futoshiki": 0.20730265875274412,
    "knight_swap": 0.46,
    "mahjong_puzzle": 0.52,
    "maze": 0.14,
    "mini_sudoku": 0.9740540540540542,
    "n_queens": 0.02,
    "puzzle24": 0.9207999999999998,
    "rush_hour": 0.009200000000000005,
    "sokoban": 0.06,
    "sudoku": 0.3944444444444444,
    "tower_of_hanoi": 0.08938709677419354,
    "tsumego": 0.7144095238095238,
    "advanced_geometry": 0.4526000000000003,
    "simple_geometry": 0.932,
    "course_schedule": 0.6,
    "family_relationships": 0.88,
    "largest_island": 0.16,
    "quantum_lock": 0.8,
    "shortest_path": 0.02,
    "acre": 0.94,
    "list_functions": 0.86,
    "aiw": 0.78,
    "circuit_logic": 0.82,
    "knights_knaves": 1.0,
    "propositional_logic": 0.775,
    "self_reference": 0.98,
    "syllogism": 0.94,
    "zebra_puzzles": 0.84
  },
  "timestamp": "2025-04-14T22:36:57.543274",
  "git_hash": "71787c6a0e2fc46b67fcb7c50af7ad0aa43b6439",
  "model": "openai/o3-mini",
  "provider": "OpenAI",
  "system_prompt": "Given a problem, your task is to answer the question by thinking step-by-step in a clear and specific manner.\nOnce you have thought about the reasoning process, provide the answer in the following format:\n<answer>answer here</answer>\nDo not explain your reasoning inside the answer tags, provide only the final answer. When an example is provided, you should strictly follow the format of the output/answer in that example.\n",
  "max_tokens": 32768,
  "temperature": 0.6,
  "top_p": 0.95,
  "completions_per_prompt": 1,
  "duration_seconds": 0.073913,
  "partial": false
}