{
  "total_datasets": 101,
  "total_examples": 5050,
  "dataset_best_scores": {
    "complex_arithmetic": 0.960415887821308,
    "intermediate_integration": 0.84,
    "polynomial_equations": 0.893823375045473,
    "polynomial_multiplication": 0.38,
    "simple_equations": 0.8387474747474748,
    "simple_integration": 0.8,
    "ab": 0.0,
    "base_conversion": 0.96,
    "binary_alternation": 0.34,
    "binary_matrix": 0.14,
    "caesar_cipher": 0.0,
    "count_primes": 0.06,
    "cryptarithm": 0.40932777777777796,
    "game_of_life": 0.931,
    "game_of_life_halting": 1.0,
    "graph_color": 0.8811999999999999,
    "group_anagrams": 0.9009999999999999,
    "isomorphic_strings": 0.96,
    "jugs": 0.0004,
    "letter_counting": 0.5,
    "letter_jumble": 0.6335814756279153,
    "manipulate_matrix": 0.1076,
    "number_filtering": 0.88,
    "number_sorting": 0.72,
    "palindrome_generation": 0.12759999999999982,
    "palindrome_partitioning": 0.0,
    "pool_matrix": 0.252,
    "ransom_note": 0.86,
    "rotate_matrix": 0.56,
    "rotten_oranges": 0.12,
    "sentence_reordering": 0.2894011348128996,
    "spell_backward": 0.7340000000000001,
    "spiral_matrix": 0.12,
    "string_insertion": 0.32,
    "string_manipulation": 0.16,
    "string_splitting": 0.46,
    "string_synthesis": 0.4,
    "word_ladder": 0.123125,
    "word_sequence_reversal": 0.8395,
    "word_sorting": 0.5399999999999999,
    "arc_1d": 0.21483870967741936,
    "arc_agi": 0.12599999999999992,
    "rearc": 0.4490000000000001,
    "basic_arithmetic": 0.74,
    "bitwise_arithmetic": 0.04,
    "calendar_arithmetic": 0.7899491211769097,
    "chain_sum": 0.74,
    "count_bits": 0.2,
    "decimal_arithmetic": 0.2,
    "decimal_chain_sum": 0.44,
    "dice": 0.0,
    "fraction_simplification": 0.40300000000000025,
    "gcd": 0.74,
    "gsm_symbolic": 0.8812000000000001,
    "lcm": 1.0,
    "leg_counting": 0.741304347826087,
    "number_format": 0.04,
    "power_function": 0.16839999999999986,
    "prime_factorization": 0.8118,
    "products": 0.38,
    "time_intervals": 0.9651417124999999,
    "bf": 0.0,
    "codeio": 0.35333137928060326,
    "color_cube_rotation": 0.32680000000000015,
    "figlet_font": 0.048000000000000015,
    "modulo_grid": 0.39722332873200555,
    "needle_haystack": 0.86,
    "number_sequence": 0.76,
    "rectangle_count": 0.28,
    "rubiks_cube": 0.045,
    "boxnet": 0.28800000000000003,
    "countdown": 0.011,
    "emoji_mystery": 0.013133333333333339,
    "futoshiki": 0.4933818465463109,
    "knight_swap": 0.1,
    "mahjong_puzzle": 0.44,
    "maze": 0.13,
    "mini_sudoku": 0.5542499999999999,
    "n_queens": 0.0,
    "puzzle24": 0.10899999999999999,
    "rush_hour": 0.009800000000000005,
    "sokoban": 0.0,
    "sudoku": 0.592888888888889,
    "tower_of_hanoi": 0.0,
    "tsumego": 0.10699999999999985,
    "advanced_geometry": 0.21599999999999991,
    "simple_geometry": 0.35233333333333333,
    "course_schedule": 0.58,
    "family_relationships": 0.6,
    "largest_island": 0.4,
    "quantum_lock": 0.54,
    "shortest_path": 0.04,
    "acre": 0.0,
    "list_functions": 0.58,
    "aiw": 0.16,
    "circuit_logic": 0.96,
    "knights_knaves": 0.944,
    "propositional_logic": 0.831,
    "self_reference": 0.2,
    "syllogism": 0.8,
    "zebra_puzzles": 0.56
  },
  "dataset_mean_scores": {
    "complex_arithmetic": 0.9089465195788153,
    "intermediate_integration": 0.7333333333333333,
    "polynomial_equations": 0.8412644380940673,
    "polynomial_multiplication": 0.2666666666666666,
    "simple_equations": 0.6464743513567045,
    "simple_integration": 0.6933333333333332,
    "ab": 0.0,
    "base_conversion": 0.8466666666666666,
    "binary_alternation": 0.12666666666666665,
    "binary_matrix": 0.08,
    "caesar_cipher": 0.0,
    "count_primes": 0.026666666666666665,
    "cryptarithm": 0.31615555555555547,
    "game_of_life": 0.7447999999999999,
    "game_of_life_halting": 1.0,
    "graph_color": 0.6897333333333335,
    "group_anagrams": 0.7756000000000001,
    "isomorphic_strings": 0.7733333333333334,
    "jugs": 0.00013333333333333334,
    "letter_counting": 0.4000000000000001,
    "letter_jumble": 0.47162256362488564,
    "manipulate_matrix": 0.0676,
    "number_filtering": 0.7866666666666667,
    "number_sorting": 0.6866666666666665,
    "palindrome_generation": 0.07086666666666666,
    "palindrome_partitioning": 0.0,
    "pool_matrix": 0.222,
    "ransom_note": 0.68,
    "rotate_matrix": 0.5466666666666667,
    "rotten_oranges": 0.05333333333333332,
    "sentence_reordering": 0.19282357729416558,
    "spell_backward": 0.6890000000000002,
    "spiral_matrix": 0.07333333333333333,
    "string_insertion": 0.12666666666666665,
    "string_manipulation": 0.11916666666666668,
    "string_splitting": 0.25333333333333324,
    "string_synthesis": 0.17999999999999997,
    "word_ladder": 0.078125,
    "word_sequence_reversal": 0.7393581560283689,
    "word_sorting": 0.4733333333333332,
    "arc_1d": 0.11111907606531263,
    "arc_agi": 0.11299999999999993,
    "rearc": 0.34133333333333354,
    "basic_arithmetic": 0.6666666666666667,
    "bitwise_arithmetic": 0.026666666666666665,
    "calendar_arithmetic": 0.6691909852489091,
    "chain_sum": 0.6999999999999998,
    "count_bits": 0.06666666666666667,
    "decimal_arithmetic": 0.19333333333333333,
    "decimal_chain_sum": 0.4133333333333333,
    "dice": 0.0,
    "fraction_simplification": 0.2917333333333335,
    "gcd": 0.71,
    "gsm_symbolic": 0.802,
    "lcm": 0.9600000000000002,
    "leg_counting": 0.4833712032764011,
    "number_format": 0.013333333333333332,
    "power_function": 0.1287999999999999,
    "prime_factorization": 0.759,
    "products": 0.36666666666666664,
    "time_intervals": 0.9480393160493829,
    "bf": 0.0,
    "codeio": 0.25938782565426827,
    "color_cube_rotation": 0.20139999999999986,
    "figlet_font": 0.025333333333333333,
    "modulo_grid": 0.23240777624400186,
    "needle_haystack": 0.7533333333333333,
    "number_sequence": 0.6316666666666666,
    "rectangle_count": 0.13333333333333333,
    "rubiks_cube": 0.02933333333333335,
    "boxnet": 0.2120444444444445,
    "countdown": 0.014000000000000004,
    "emoji_mystery": 0.01104444444444445,
    "futoshiki": 0.3854892059115589,
    "knight_swap": 0.03333333333333333,
    "mahjong_puzzle": 0.3466666666666666,
    "maze": 0.05,
    "mini_sudoku": 0.4743749999999999,
    "n_queens": 0.0,
    "puzzle24": 0.056199999999999986,
    "rush_hour": 0.00713333333333333,
    "sokoban": 0.0,
    "sudoku": 0.4861453478704053,
    "tower_of_hanoi": 0.0,
    "tsumego": 0.06739999999999992,
    "advanced_geometry": 0.11093333333333323,
    "simple_geometry": 0.26366666666666666,
    "course_schedule": 0.3533333333333333,
    "family_relationships": 0.5333333333333333,
    "largest_island": 0.3266666666666667,
    "quantum_lock": 0.31000000000000005,
    "shortest_path": 0.02,
    "acre": 0.0,
    "list_functions": 0.5733333333333333,
    "aiw": 0.07999999999999999,
    "circuit_logic": 0.6866666666666668,
    "knights_knaves": 0.7809999999999997,
    "propositional_logic": 0.6780000000000002,
    "self_reference": 0.1,
    "syllogism": 0.7733333333333333,
    "zebra_puzzles": 0.40666666666666657
  },
  "timestamp": "2025-03-22T06:41:07.772859",
  "git_hash": "eb69916c1b0c1eecbfb0aacacb8057ca3dc19526",
  "model": "mistralai/mistral-small-3.1-24b-instruct",
  "provider": "Mistral",
  "system_prompt": "Given a problem, your task is to answer the question by thinking step-by-step in a clear and specific manner.\nOnce you have thought about the reasoning process, provide the answer in the following format:\n<answer>answer here</answer>\nDo not explain your reasoning inside the answer tags, provide only the final answer. When an example is provided, you should strictly follow the format of the output/answer in that example.\n",
  "max_tokens": 32768,
  "temperature": 0.6,
  "top_p": 0.95,
  "completions_per_prompt": 3,
  "duration_seconds": 21587.1632,
  "partial": false
}