{
  "total_datasets": 100,
  "total_examples": 5000,
  "dataset_best_scores": {
    "complex_arithmetic": 0.9090648466445955,
    "intermediate_integration": 0.8,
    "polynomial_equations": 0.8339812257272144,
    "polynomial_multiplication": 0.0,
    "simple_equations": 0.1905982905982906,
    "simple_integration": 0.78,
    "ab": 0.0,
    "base_conversion": 0.3,
    "binary_alternation": 0.06,
    "binary_matrix": 0.0,
    "caesar_cipher": 0.0,
    "count_primes": 0.0,
    "cryptarithm": 0.18722777777777772,
    "game_of_life": 0.34515200000000007,
    "game_of_life_halting": 1.0,
    "graph_color": 0.7026,
    "group_anagrams": 0.5446000000000002,
    "isomorphic_strings": 0.42,
    "jugs": 0.0,
    "letter_counting": 0.16,
    "letter_jumble": 0.07763453558333526,
    "manipulate_matrix": 0.0,
    "number_filtering": 0.06,
    "number_sorting": 0.02,
    "palindrome_generation": 0.01940000000000001,
    "palindrome_partitioning": 0.0,
    "pool_matrix": 0.0,
    "ransom_note": 0.42,
    "rotate_matrix": 0.14,
    "rotten_oranges": 0.24,
    "sentence_reordering": 0.017000000000000005,
    "spell_backward": 0.41347619047619055,
    "spiral_matrix": 0.0,
    "string_insertion": 0.26,
    "string_manipulation": 0.09774300121717962,
    "string_splitting": 0.16,
    "string_synthesis": 0.42,
    "word_ladder": 0.0,
    "word_sequence_reversal": 0.0,
    "word_sorting": 0.0749104781559307,
    "arc_1d": 0.11943661971830986,
    "arc_agi": 0.019000000000000006,
    "rearc": 0.064,
    "basic_arithmetic": 0.42,
    "bitwise_arithmetic": 0.0,
    "calendar_arithmetic": 0.8698622923010569,
    "chain_sum": 0.7,
    "count_bits": 0.12,
    "decimal_arithmetic": 0.0,
    "decimal_chain_sum": 0.0,
    "dice": 0.0,
    "fraction_simplification": 0.0272,
    "gcd": 0.88,
    "gsm_symbolic": 0.9003999999999999,
    "lcm": 0.0,
    "leg_counting": 0.0,
    "number_format": 0.86,
    "power_function": 0.04899999999999997,
    "prime_factorization": 0.6134000000000004,
    "products": 0.0,
    "time_intervals": 0.9725759651234567,
    "bf": 0.0,
    "codeio": 0.087476183683237,
    "color_cube_rotation": 0.22779999999999986,
    "figlet_font": 0.05000000000000002,
    "modulo_grid": 0.012482863670982482,
    "needle_haystack": 0.44,
    "number_sequence": 0.92,
    "rectangle_count": 0.28,
    "rubiks_cube": 0.04420000000000001,
    "countdown": 0.001,
    "emoji_mystery": 0.010000000000000004,
    "futoshiki": 0.13343459874307695,
    "knight_swap": 0.56,
    "mahjong_puzzle": 0.28,
    "maze": 0.026666666666666665,
    "mini_sudoku": 0.024913391462779804,
    "n_queens": 0.0,
    "puzzle24": 0.04239999999999995,
    "rush_hour": 0.0025999999999999994,
    "sokoban": 0.0,
    "sudoku": 0.045768613974799546,
    "tower_of_hanoi": 0.0,
    "tsumego": 0.04899999999999999,
    "advanced_geometry": 0.013200000000000003,
    "simple_geometry": 0.33733333333333326,
    "course_schedule": 0.6,
    "family_relationships": 0.38,
    "largest_island": 0.0,
    "quantum_lock": 0.43,
    "shortest_path": 0.62,
    "acre": 0.0,
    "list_functions": 0.74,
    "aiw": 0.3,
    "circuit_logic": 0.26,
    "knights_knaves": 0.7506666666666665,
    "propositional_logic": 0.6940000000000001,
    "self_reference": 0.06,
    "syllogism": 0.82,
    "zebra_puzzles": 0.34
  },
  "dataset_mean_scores": {
    "complex_arithmetic": 0.9090648466445955,
    "intermediate_integration": 0.8,
    "polynomial_equations": 0.8339812257272144,
    "polynomial_multiplication": 0.0,
    "simple_equations": 0.1905982905982906,
    "simple_integration": 0.78,
    "ab": 0.0,
    "base_conversion": 0.3,
    "binary_alternation": 0.06,
    "binary_matrix": 0.0,
    "caesar_cipher": 0.0,
    "count_primes": 0.0,
    "cryptarithm": 0.18722777777777772,
    "game_of_life": 0.34515200000000007,
    "game_of_life_halting": 1.0,
    "graph_color": 0.7026,
    "group_anagrams": 0.5446000000000002,
    "isomorphic_strings": 0.42,
    "jugs": 0.0,
    "letter_counting": 0.16,
    "letter_jumble": 0.07763453558333526,
    "manipulate_matrix": 0.0,
    "number_filtering": 0.06,
    "number_sorting": 0.02,
    "palindrome_generation": 0.01940000000000001,
    "palindrome_partitioning": 0.0,
    "pool_matrix": 0.0,
    "ransom_note": 0.42,
    "rotate_matrix": 0.14,
    "rotten_oranges": 0.24,
    "sentence_reordering": 0.017000000000000005,
    "spell_backward": 0.41347619047619055,
    "spiral_matrix": 0.0,
    "string_insertion": 0.26,
    "string_manipulation": 0.09774300121717962,
    "string_splitting": 0.16,
    "string_synthesis": 0.42,
    "word_ladder": 0.0,
    "word_sequence_reversal": 0.0,
    "word_sorting": 0.0749104781559307,
    "arc_1d": 0.11943661971830986,
    "arc_agi": 0.019000000000000006,
    "rearc": 0.064,
    "basic_arithmetic": 0.42,
    "bitwise_arithmetic": 0.0,
    "calendar_arithmetic": 0.8698622923010569,
    "chain_sum": 0.7,
    "count_bits": 0.12,
    "decimal_arithmetic": 0.0,
    "decimal_chain_sum": 0.0,
    "dice": 0.0,
    "fraction_simplification": 0.035800000000000005,
    "gcd": 0.88,
    "gsm_symbolic": 0.9003999999999999,
    "lcm": 0.0,
    "leg_counting": 0.0,
    "number_format": 0.86,
    "power_function": 0.04899999999999997,
    "prime_factorization": 0.6134000000000004,
    "products": 0.0,
    "time_intervals": 0.9725759651234567,
    "bf": 0.0,
    "codeio": 0.087476183683237,
    "color_cube_rotation": 0.22779999999999986,
    "figlet_font": 0.05000000000000002,
    "modulo_grid": 0.012482863670982482,
    "needle_haystack": 0.44,
    "number_sequence": 0.92,
    "rectangle_count": 0.28,
    "rubiks_cube": 0.04420000000000001,
    "countdown": 0.010800000000000006,
    "emoji_mystery": 0.010000000000000004,
    "futoshiki": 0.13343459874307695,
    "knight_swap": 0.56,
    "mahjong_puzzle": 0.28,
    "maze": 0.026666666666666665,
    "mini_sudoku": 0.024913391462779804,
    "n_queens": 0.0,
    "puzzle24": 0.049599999999999846,
    "rush_hour": 0.0025999999999999994,
    "sokoban": 0.0,
    "sudoku": 0.045768613974799546,
    "tower_of_hanoi": 0.0,
    "tsumego": 0.04899999999999999,
    "advanced_geometry": 0.013200000000000003,
    "simple_geometry": 0.33733333333333326,
    "course_schedule": 0.6,
    "family_relationships": 0.38,
    "largest_island": 0.0,
    "quantum_lock": 0.43,
    "shortest_path": 0.62,
    "acre": 0.0,
    "list_functions": 0.74,
    "aiw": 0.3,
    "circuit_logic": 0.26,
    "knights_knaves": 0.7506666666666665,
    "propositional_logic": 0.6940000000000001,
    "self_reference": 0.06,
    "syllogism": 0.82,
    "zebra_puzzles": 0.34
  },
  "timestamp": "2025-04-13T00:15:39.031010",
  "git_hash": "2ad86a9237b1b9fa810985d00753f0ac0a6e3a5a",
  "model": "meta-llama/llama-3.3-70b-instruct",
  "provider": "DeepInfra",
  "system_prompt": "Given a problem, your task is to answer the question by thinking step-by-step in a clear and specific manner.\nOnce you have thought about the reasoning process, provide the answer in the following format:\n<answer>answer here</answer>\nDo not explain your reasoning inside the answer tags, provide only the final answer. When an example is provided, you should strictly follow the format of the output/answer in that example.\n",
  "max_tokens": 32768,
  "temperature": 0.6,
  "top_p": 0.95,
  "completions_per_prompt": 1,
  "duration_seconds": 34618.337564,
  "partial": false
}