{
  "total_datasets": 100,
  "total_examples": 5000,
  "dataset_best_scores": {
    "complex_arithmetic": 0.8600001331686404,
    "intermediate_integration": 0.58,
    "polynomial_equations": 0.7643488015048764,
    "polynomial_multiplication": 0.0,
    "simple_equations": 0.8133333333333335,
    "simple_integration": 0.74,
    "ab": 0.0,
    "base_conversion": 0.82,
    "binary_alternation": 0.013333333333333332,
    "binary_matrix": 0.0,
    "caesar_cipher": 0.4391501754331611,
    "count_primes": 0.02,
    "cryptarithm": 0.34063888888888877,
    "game_of_life": 0.999968,
    "game_of_life_halting": 1.0,
    "graph_color": 0.6832,
    "group_anagrams": 0.7228,
    "isomorphic_strings": 0.36,
    "jugs": 0.10899999999999987,
    "letter_counting": 0.26,
    "letter_jumble": 0.9039986053004937,
    "manipulate_matrix": 0.03933310649880912,
    "number_filtering": 0.4,
    "number_sorting": 0.84,
    "palindrome_generation": 0.02120000000000001,
    "palindrome_partitioning": 0.1,
    "pool_matrix": 0.01,
    "ransom_note": 0.58,
    "rotate_matrix": 0.16,
    "rotten_oranges": 0.08,
    "sentence_reordering": 0.06259391534391533,
    "spell_backward": 0.9920634920634919,
    "spiral_matrix": 0.0,
    "string_insertion": 0.38,
    "string_manipulation": 0.03946666666666667,
    "string_splitting": 0.02,
    "string_synthesis": 0.0,
    "word_ladder": 0.18875,
    "word_sequence_reversal": 0.94,
    "word_sorting": 0.5872965315400172,
    "arc_1d": 0.4,
    "arc_agi": 0.24000000000000019,
    "rearc": 0.08199999999999999,
    "basic_arithmetic": 0.62,
    "bitwise_arithmetic": 0.12,
    "calendar_arithmetic": 0.9756142479664678,
    "chain_sum": 1.0,
    "count_bits": 0.1,
    "decimal_arithmetic": 0.04,
    "decimal_chain_sum": 0.42,
    "dice": 0.0,
    "fraction_simplification": 0.34100000000000025,
    "gcd": 0.97,
    "gsm_symbolic": 1.0,
    "lcm": 0.0,
    "leg_counting": 0.1,
    "number_format": 1.0,
    "power_function": 0.2871999999999999,
    "prime_factorization": 0.7624000000000001,
    "products": 0.0,
    "time_intervals": 0.718389812037037,
    "bf": 0.0,
    "codeio": 0.2107391714303834,
    "color_cube_rotation": 0.1881999999999998,
    "figlet_font": 0.128,
    "modulo_grid": 0.34,
    "needle_haystack": 1.0,
    "number_sequence": 0.92,
    "rectangle_count": 0.26,
    "rubiks_cube": 0.044000000000000004,
    "countdown": 0.20800000000000002,
    "emoji_mystery": 0.010000000000000004,
    "futoshiki": 0.49443877551020393,
    "knight_swap": 0.12,
    "mahjong_puzzle": 0.38,
    "maze": 0.04,
    "mini_sudoku": 0.8395000000000001,
    "n_queens": 0.04,
    "puzzle24": 0.5050000000000001,
    "rush_hour": 0.010000000000000004,
    "sokoban": 0.0,
    "sudoku": 0.7315555555555555,
    "tower_of_hanoi": 0.18200000000000002,
    "tsumego": 0.4870000000000003,
    "advanced_geometry": 0.01860000000000001,
    "simple_geometry": 0.84,
    "course_schedule": 0.5,
    "family_relationships": 0.86,
    "largest_island": 0.04,
    "quantum_lock": 0.64,
    "shortest_path": 0.0,
    "acre": 0.72,
    "list_functions": 0.82,
    "aiw": 0.2222222222222222,
    "circuit_logic": 0.66,
    "knights_knaves": 0.714,
    "propositional_logic": 0.547,
    "self_reference": 0.06,
    "syllogism": 1.0,
    "zebra_puzzles": 0.5
  },
  "dataset_mean_scores": {
    "complex_arithmetic": 0.8600001331686404,
    "intermediate_integration": 0.58,
    "polynomial_equations": 0.7643488015048764,
    "polynomial_multiplication": 0.0,
    "simple_equations": 0.8133333333333335,
    "simple_integration": 0.74,
    "ab": 0.0,
    "base_conversion": 0.82,
    "binary_alternation": 0.013333333333333332,
    "binary_matrix": 0.0,
    "caesar_cipher": 0.4391501754331611,
    "count_primes": 0.02,
    "cryptarithm": 0.34063888888888877,
    "game_of_life": 0.999968,
    "game_of_life_halting": 1.0,
    "graph_color": 0.6832,
    "group_anagrams": 0.7228,
    "isomorphic_strings": 0.36,
    "jugs": 0.10899999999999987,
    "letter_counting": 0.26,
    "letter_jumble": 0.9039986053004937,
    "manipulate_matrix": 0.03933310649880912,
    "number_filtering": 0.4,
    "number_sorting": 0.84,
    "palindrome_generation": 0.02120000000000001,
    "palindrome_partitioning": 0.1,
    "pool_matrix": 0.01,
    "ransom_note": 0.58,
    "rotate_matrix": 0.16,
    "rotten_oranges": 0.08,
    "sentence_reordering": 0.06259391534391533,
    "spell_backward": 0.9920634920634919,
    "spiral_matrix": 0.0,
    "string_insertion": 0.38,
    "string_manipulation": 0.03946666666666667,
    "string_splitting": 0.02,
    "string_synthesis": 0.0,
    "word_ladder": 0.18875,
    "word_sequence_reversal": 0.94,
    "word_sorting": 0.5872965315400172,
    "arc_1d": 0.4,
    "arc_agi": 0.24000000000000019,
    "rearc": 0.08199999999999999,
    "basic_arithmetic": 0.62,
    "bitwise_arithmetic": 0.12,
    "calendar_arithmetic": 0.9756142479664678,
    "chain_sum": 1.0,
    "count_bits": 0.1,
    "decimal_arithmetic": 0.04,
    "decimal_chain_sum": 0.42,
    "dice": 0.0,
    "fraction_simplification": 0.34100000000000025,
    "gcd": 0.97,
    "gsm_symbolic": 1.0,
    "lcm": 0.0,
    "leg_counting": 0.1,
    "number_format": 1.0,
    "power_function": 0.2871999999999999,
    "prime_factorization": 0.7624000000000001,
    "products": 0.0,
    "time_intervals": 0.718389812037037,
    "bf": 0.0,
    "codeio": 0.2107391714303834,
    "color_cube_rotation": 0.1881999999999998,
    "figlet_font": 0.128,
    "modulo_grid": 0.34,
    "needle_haystack": 1.0,
    "number_sequence": 0.92,
    "rectangle_count": 0.26,
    "rubiks_cube": 0.044000000000000004,
    "countdown": 0.21439999999999987,
    "emoji_mystery": 0.010000000000000004,
    "futoshiki": 0.49443877551020393,
    "knight_swap": 0.12,
    "mahjong_puzzle": 0.38,
    "maze": 0.04,
    "mini_sudoku": 0.8395000000000001,
    "n_queens": 0.04,
    "puzzle24": 0.5050000000000001,
    "rush_hour": 0.010000000000000004,
    "sokoban": 0.0,
    "sudoku": 0.7315555555555555,
    "tower_of_hanoi": 0.18200000000000002,
    "tsumego": 0.4870000000000003,
    "advanced_geometry": 0.01860000000000001,
    "simple_geometry": 0.84,
    "course_schedule": 0.5,
    "family_relationships": 0.86,
    "largest_island": 0.04,
    "quantum_lock": 0.64,
    "shortest_path": 0.0,
    "acre": 0.72,
    "list_functions": 0.82,
    "aiw": 0.2222222222222222,
    "circuit_logic": 0.66,
    "knights_knaves": 0.714,
    "propositional_logic": 0.547,
    "self_reference": 0.06,
    "syllogism": 1.0,
    "zebra_puzzles": 0.5
  },
  "timestamp": "2025-04-08T15:49:31.244742",
  "git_hash": "cd1a9ea58b7104ce4c39cd0852a5134d72b5d199",
  "model": "anthropic/claude-3.5-sonnet",
  "provider": "Anthropic",
  "system_prompt": "Given a problem, your task is to answer the question by thinking step-by-step in a clear and specific manner.\nOnce you have thought about the reasoning process, provide the answer in the following format:\n<answer>answer here</answer>\nDo not explain your reasoning inside the answer tags, provide only the final answer. When an example is provided, you should strictly follow the format of the output/answer in that example.\n",
  "max_tokens": 32768,
  "temperature": 0.6,
  "top_p": 0.95,
  "completions_per_prompt": 1,
  "duration_seconds": 44.535823,
  "partial": false
}