{
  "total_datasets": 100,
  "total_examples": 5000,
  "dataset_best_scores": {
    "complex_arithmetic": 0.9979166827059306,
    "intermediate_integration": 0.84,
    "polynomial_equations": 0.8926344598766619,
    "polynomial_multiplication": 0.0,
    "simple_equations": 0.3035294117647059,
    "simple_integration": 0.64,
    "ab": 0.0,
    "base_conversion": 0.74,
    "binary_alternation": 0.0,
    "binary_matrix": 0.0,
    "caesar_cipher": 0.0,
    "count_primes": 0.0,
    "cryptarithm": 0.11922222222222223,
    "game_of_life": 0.0,
    "game_of_life_halting": 1.0,
    "graph_color": 0.0,
    "group_anagrams": 0.0,
    "isomorphic_strings": 0.3,
    "jugs": 0.0,
    "letter_counting": 0.2,
    "letter_jumble": 0.2567124905847755,
    "manipulate_matrix": 0.02,
    "number_filtering": 0.0,
    "number_sorting": 0.0,
    "palindrome_generation": 0.002,
    "palindrome_partitioning": 0.0,
    "pool_matrix": 0.0,
    "ransom_note": 0.44,
    "rotate_matrix": 0.0,
    "rotten_oranges": 0.0,
    "sentence_reordering": 0.032394808090460275,
    "spell_backward": 0.7514603174603174,
    "spiral_matrix": 0.0,
    "string_insertion": 0.04,
    "string_manipulation": 0.04,
    "string_splitting": 0.0,
    "string_synthesis": 0.0,
    "word_ladder": 0.065,
    "word_sequence_reversal": 0.0,
    "word_sorting": 0.008695207892882311,
    "arc_1d": 0.09922330097087378,
    "arc_agi": 0.0,
    "rearc": 0.0,
    "basic_arithmetic": 0.3,
    "bitwise_arithmetic": 0.0,
    "calendar_arithmetic": 0.9513279809749848,
    "chain_sum": 0.0,
    "count_bits": 0.18,
    "decimal_arithmetic": 0.0,
    "decimal_chain_sum": 0.0,
    "dice": 0.0,
    "fraction_simplification": 0.8100000000000002,
    "gcd": 1.0,
    "gsm_symbolic": 0.9802,
    "lcm": 0.0,
    "leg_counting": 0.0,
    "number_format": 0.0,
    "power_function": 0.28659999999999985,
    "prime_factorization": 0.7702000000000001,
    "products": 0.0,
    "time_intervals": 0.9760280098765431,
    "bf": 0.0,
    "codeio": 0.0,
    "color_cube_rotation": 0.10319999999999994,
    "figlet_font": 0.034,
    "modulo_grid": 0.0,
    "needle_haystack": 0.0,
    "number_sequence": 0.62,
    "rectangle_count": 0.0,
    "rubiks_cube": 0.02860000000000001,
    "countdown": 0.05899999999999995,
    "emoji_mystery": 0.010000000000000004,
    "futoshiki": 0.026877551020408164,
    "knight_swap": 0.38,
    "mahjong_puzzle": 0.0,
    "maze": 0.0,
    "mini_sudoku": 0.075125,
    "n_queens": 0.0,
    "puzzle24": 0.7023999999999999,
    "rush_hour": 0.008200000000000004,
    "sokoban": 0.0,
    "sudoku": 0.0,
    "tower_of_hanoi": 0.0,
    "tsumego": 0.06799999999999992,
    "advanced_geometry": 0.05579999999999991,
    "simple_geometry": 0.564,
    "course_schedule": 0.58,
    "family_relationships": 0.62,
    "largest_island": 0.0,
    "quantum_lock": 0.0,
    "shortest_path": 0.0,
    "acre": 0.0,
    "list_functions": 0.0,
    "aiw": 0.16,
    "circuit_logic": 0.18,
    "knights_knaves": 0.6560000000000001,
    "propositional_logic": 0.005,
    "self_reference": 0.1,
    "syllogism": 0.82,
    "zebra_puzzles": 0.36
  },
  "dataset_mean_scores": {
    "complex_arithmetic": 0.9979166827059306,
    "intermediate_integration": 0.84,
    "polynomial_equations": 0.8926344598766619,
    "polynomial_multiplication": 0.0,
    "simple_equations": 0.3035294117647059,
    "simple_integration": 0.64,
    "ab": 0.0,
    "base_conversion": 0.74,
    "binary_alternation": 0.0,
    "binary_matrix": 0.0,
    "caesar_cipher": 0.0,
    "count_primes": 0.0,
    "cryptarithm": 0.11922222222222223,
    "game_of_life": 0.0,
    "game_of_life_halting": 1.0,
    "graph_color": 0.0,
    "group_anagrams": 0.0,
    "isomorphic_strings": 0.3,
    "jugs": 0.0,
    "letter_counting": 0.2,
    "letter_jumble": 0.2567124905847755,
    "manipulate_matrix": 0.02,
    "number_filtering": 0.0,
    "number_sorting": 0.0,
    "palindrome_generation": 0.002,
    "palindrome_partitioning": 0.0,
    "pool_matrix": 0.0,
    "ransom_note": 0.44,
    "rotate_matrix": 0.0,
    "rotten_oranges": 0.0,
    "sentence_reordering": 0.032394808090460275,
    "spell_backward": 0.7514603174603174,
    "spiral_matrix": 0.0,
    "string_insertion": 0.04,
    "string_manipulation": 0.04,
    "string_splitting": 0.0,
    "string_synthesis": 0.0,
    "word_ladder": 0.065,
    "word_sequence_reversal": 0.0,
    "word_sorting": 0.008695207892882311,
    "arc_1d": 0.09922330097087378,
    "arc_agi": 0.0,
    "rearc": 0.0,
    "basic_arithmetic": 0.3,
    "bitwise_arithmetic": 0.0,
    "calendar_arithmetic": 0.9513279809749848,
    "chain_sum": 0.0,
    "count_bits": 0.18,
    "decimal_arithmetic": 0.0,
    "decimal_chain_sum": 0.0,
    "dice": 0.0,
    "fraction_simplification": 0.8106000000000002,
    "gcd": 1.0,
    "gsm_symbolic": 0.9802,
    "lcm": 0.0,
    "leg_counting": 0.0,
    "number_format": 0.0,
    "power_function": 0.28659999999999985,
    "prime_factorization": 0.7702000000000001,
    "products": 0.0,
    "time_intervals": 0.9760280098765431,
    "bf": 0.0,
    "codeio": 0.0,
    "color_cube_rotation": 0.10319999999999994,
    "figlet_font": 0.034,
    "modulo_grid": 0.0,
    "needle_haystack": 0.0,
    "number_sequence": 0.62,
    "rectangle_count": 0.0,
    "rubiks_cube": 0.02860000000000001,
    "countdown": 0.06479999999999986,
    "emoji_mystery": 0.010000000000000004,
    "futoshiki": 0.026877551020408164,
    "knight_swap": 0.38,
    "mahjong_puzzle": 0.0,
    "maze": 0.0,
    "mini_sudoku": 0.075125,
    "n_queens": 0.0,
    "puzzle24": 0.703,
    "rush_hour": 0.008200000000000004,
    "sokoban": 0.0,
    "sudoku": 0.0,
    "tower_of_hanoi": 0.0,
    "tsumego": 0.06799999999999992,
    "advanced_geometry": 0.05579999999999991,
    "simple_geometry": 0.564,
    "course_schedule": 0.58,
    "family_relationships": 0.62,
    "largest_island": 0.0,
    "quantum_lock": 0.0,
    "shortest_path": 0.0,
    "acre": 0.0,
    "list_functions": 0.0,
    "aiw": 0.16,
    "circuit_logic": 0.18,
    "knights_knaves": 0.6560000000000001,
    "propositional_logic": 0.005,
    "self_reference": 0.1,
    "syllogism": 0.82,
    "zebra_puzzles": 0.36
  },
  "timestamp": "2025-04-12T15:49:13.320440",
  "git_hash": "2ad86a9237b1b9fa810985d00753f0ac0a6e3a5a",
  "model": "google/gemma-3-27b-it",
  "provider": "DeepInfra",
  "system_prompt": "Given a problem, your task is to answer the question by thinking step-by-step in a clear and specific manner.\nOnce you have thought about the reasoning process, provide the answer in the following format:\n<answer>answer here</answer>\nDo not explain your reasoning inside the answer tags, provide only the final answer. When an example is provided, you should strictly follow the format of the output/answer in that example.\n",
  "max_tokens": 32768,
  "temperature": 0.6,
  "top_p": 0.95,
  "completions_per_prompt": 1,
  "duration_seconds": 34993.060211,
  "partial": false
}