{
  "total_datasets": 101,
  "total_examples": 5050,
  "dataset_best_scores": {
    "complex_arithmetic": 1.0,
    "intermediate_integration": 0.68,
    "polynomial_equations": 0.99972123556551,
    "polynomial_multiplication": 0.9,
    "simple_equations": 1.0,
    "simple_integration": 0.96,
    "ab": 0.46,
    "base_conversion": 1.0,
    "binary_alternation": 0.94,
    "binary_matrix": 0.38,
    "caesar_cipher": 0.558054494761761,
    "count_primes": 0.08,
    "cryptarithm": 0.32737777777777777,
    "game_of_life": 0.9057999999999999,
    "game_of_life_halting": 1.0,
    "graph_color": 0.9802000000000001,
    "group_anagrams": 0.9405999999999999,
    "isomorphic_strings": 1.0,
    "jugs": 0.8405999999999999,
    "letter_counting": 1.0,
    "letter_jumble": 0.8079463126312971,
    "manipulate_matrix": 0.46,
    "number_filtering": 1.0,
    "number_sorting": 0.2,
    "palindrome_generation": 0.9012,
    "palindrome_partitioning": 0.3,
    "pool_matrix": 0.42200000000000004,
    "ransom_note": 0.96,
    "rotate_matrix": 0.86,
    "rotten_oranges": 0.18,
    "sentence_reordering": 0.2253792286145228,
    "spell_backward": 0.9098571428571428,
    "spiral_matrix": 0.86,
    "string_insertion": 0.98,
    "string_manipulation": 0.78,
    "string_splitting": 1.0,
    "string_synthesis": 0.7,
    "word_ladder": 0.3625,
    "word_sequence_reversal": 0.8,
    "word_sorting": 0.92,
    "arc_1d": 0.58,
    "arc_agi": 0.14399999999999993,
    "rearc": 0.3330000000000002,
    "basic_arithmetic": 0.98,
    "bitwise_arithmetic": 0.78,
    "calendar_arithmetic": 0.9802999391802208,
    "chain_sum": 1.0,
    "count_bits": 0.94,
    "decimal_arithmetic": 1.0,
    "decimal_chain_sum": 1.0,
    "dice": 0.36,
    "fraction_simplification": 1.0,
    "gcd": 1.0,
    "gsm_symbolic": 1.0,
    "lcm": 1.0,
    "leg_counting": 0.62,
    "number_format": 0.74,
    "power_function": 0.8415999999999998,
    "prime_factorization": 1.0,
    "products": 1.0,
    "time_intervals": 0.9794620824074074,
    "bf": 0.12,
    "codeio": 0.24150426998118504,
    "color_cube_rotation": 0.5446000000000003,
    "figlet_font": 0.05200000000000002,
    "modulo_grid": 0.2,
    "needle_haystack": 0.88,
    "number_sequence": 0.98,
    "rectangle_count": 0.41760000000000014,
    "rubiks_cube": 0.008800000000000004,
    "boxnet": 0.32300000000000023,
    "countdown": 0.36500000000000005,
    "emoji_mystery": 0.007800000000000004,
    "futoshiki": 0.2911130163929478,
    "knight_swap": 0.36,
    "mahjong_puzzle": 0.84,
    "maze": 0.7,
    "mini_sudoku": 0.64,
    "n_queens": 0.4,
    "puzzle24": 0.5402,
    "rush_hour": 0.029800000000000004,
    "sokoban": 0.06,
    "sudoku": 0.22,
    "tower_of_hanoi": 0.36200840336134454,
    "tsumego": 0.7712,
    "advanced_geometry": 0.8842,
    "simple_geometry": 0.92,
    "course_schedule": 1.0,
    "family_relationships": 0.72,
    "largest_island": 0.96,
    "quantum_lock": 0.87,
    "shortest_path": 0.5,
    "acre": 0.16,
    "list_functions": 0.82,
    "aiw": 0.5,
    "circuit_logic": 0.8,
    "knights_knaves": 0.98,
    "propositional_logic": 0.68,
    "self_reference": 0.76,
    "syllogism": 0.76,
    "zebra_puzzles": 1.0
  },
  "dataset_mean_scores": {
    "complex_arithmetic": 1.0,
    "intermediate_integration": 0.68,
    "polynomial_equations": 0.99972123556551,
    "polynomial_multiplication": 0.9,
    "simple_equations": 1.0,
    "simple_integration": 0.96,
    "ab": 0.46,
    "base_conversion": 1.0,
    "binary_alternation": 0.94,
    "binary_matrix": 0.38,
    "caesar_cipher": 0.558054494761761,
    "count_primes": 0.08,
    "cryptarithm": 0.32737777777777777,
    "game_of_life": 0.9057999999999999,
    "game_of_life_halting": 1.0,
    "graph_color": 0.9802000000000001,
    "group_anagrams": 0.9405999999999999,
    "isomorphic_strings": 1.0,
    "jugs": 0.8405999999999999,
    "letter_counting": 1.0,
    "letter_jumble": 0.8079463126312971,
    "manipulate_matrix": 0.46,
    "number_filtering": 1.0,
    "number_sorting": 0.2,
    "palindrome_generation": 0.9012,
    "palindrome_partitioning": 0.3,
    "pool_matrix": 0.42200000000000004,
    "ransom_note": 0.96,
    "rotate_matrix": 0.86,
    "rotten_oranges": 0.18,
    "sentence_reordering": 0.2253792286145228,
    "spell_backward": 0.9098571428571428,
    "spiral_matrix": 0.86,
    "string_insertion": 0.98,
    "string_manipulation": 0.78,
    "string_splitting": 1.0,
    "string_synthesis": 0.7,
    "word_ladder": 0.3625,
    "word_sequence_reversal": 0.8,
    "word_sorting": 0.92,
    "arc_1d": 0.58,
    "arc_agi": 0.14399999999999993,
    "rearc": 0.3330000000000002,
    "basic_arithmetic": 0.98,
    "bitwise_arithmetic": 0.78,
    "calendar_arithmetic": 0.9802999391802208,
    "chain_sum": 1.0,
    "count_bits": 0.94,
    "decimal_arithmetic": 1.0,
    "decimal_chain_sum": 1.0,
    "dice": 0.36,
    "fraction_simplification": 1.0,
    "gcd": 1.0,
    "gsm_symbolic": 1.0,
    "lcm": 1.0,
    "leg_counting": 0.62,
    "number_format": 0.74,
    "power_function": 0.8415999999999998,
    "prime_factorization": 1.0,
    "products": 1.0,
    "time_intervals": 0.9794620824074074,
    "bf": 0.12,
    "codeio": 0.24150426998118504,
    "color_cube_rotation": 0.5446000000000003,
    "figlet_font": 0.05200000000000002,
    "modulo_grid": 0.2,
    "needle_haystack": 0.88,
    "number_sequence": 0.98,
    "rectangle_count": 0.41760000000000014,
    "rubiks_cube": 0.008800000000000004,
    "boxnet": 0.32300000000000023,
    "countdown": 0.37040000000000006,
    "emoji_mystery": 0.007800000000000004,
    "futoshiki": 0.2911130163929478,
    "knight_swap": 0.36,
    "mahjong_puzzle": 0.84,
    "maze": 0.7,
    "mini_sudoku": 0.64,
    "n_queens": 0.4,
    "puzzle24": 0.5446000000000001,
    "rush_hour": 0.029800000000000004,
    "sokoban": 0.06,
    "sudoku": 0.22,
    "tower_of_hanoi": 0.36200840336134454,
    "tsumego": 0.7712,
    "advanced_geometry": 0.8842,
    "simple_geometry": 0.92,
    "course_schedule": 1.0,
    "family_relationships": 0.72,
    "largest_island": 0.96,
    "quantum_lock": 0.87,
    "shortest_path": 0.5,
    "acre": 0.16,
    "list_functions": 0.82,
    "aiw": 0.5,
    "circuit_logic": 0.8,
    "knights_knaves": 0.98,
    "propositional_logic": 0.68,
    "self_reference": 0.76,
    "syllogism": 0.76,
    "zebra_puzzles": 1.0
  },
  "timestamp": "2025-04-30T18:10:33.082477",
  "git_hash": "dca8117e7e95177e61817847890a827771305788",
  "model": "qwen/qwen3-30b-a3b",
  "provider": "DeepInfra",
  "system_prompt": "Given a problem, your task is to answer the question by thinking step-by-step in a clear and specific manner.\nOnce you have thought about the reasoning process, provide the answer in the following format:\n<answer>answer here</answer>\nDo not explain your reasoning inside the answer tags, provide only the final answer. When an example is provided, you should strictly follow the format of the output/answer in that example.\n",
  "max_tokens": 32768,
  "temperature": 0.6,
  "top_p": 0.95,
  "completions_per_prompt": 1,
  "duration_seconds": 41588.239841,
  "partial": false
}