{
  "total_datasets": 100,
  "total_examples": 5000,
  "dataset_best_scores": {
    "complex_arithmetic": 0.8000000004582253,
    "intermediate_integration": 0.56,
    "polynomial_equations": 0.6782183956202202,
    "polynomial_multiplication": 0.0,
    "simple_equations": 0.3504494720965308,
    "simple_integration": 0.66,
    "ab": 0.0,
    "base_conversion": 0.48,
    "binary_alternation": 0.06,
    "binary_matrix": 0.0,
    "caesar_cipher": 0.0,
    "count_primes": 0.02,
    "cryptarithm": 0.29706666666666665,
    "game_of_life": 0.597736,
    "game_of_life_halting": 1.0,
    "graph_color": 0.6633999999999999,
    "group_anagrams": 0.34600000000000003,
    "isomorphic_strings": 0.3,
    "jugs": 0.0014000000000000002,
    "letter_counting": 0.06,
    "letter_jumble": 0.3260137492583096,
    "manipulate_matrix": 0.0,
    "number_filtering": 0.04,
    "number_sorting": 0.0,
    "palindrome_generation": 0.01960000000000001,
    "palindrome_partitioning": 0.0,
    "pool_matrix": 0.0,
    "ransom_note": 0.26,
    "rotate_matrix": 0.14,
    "rotten_oranges": 0.01,
    "sentence_reordering": 0.04699999999999999,
    "spell_backward": 0.6873412698412698,
    "spiral_matrix": 0.0,
    "string_insertion": 0.02,
    "string_manipulation": 0.0786111111111111,
    "string_splitting": 0.32,
    "string_synthesis": 0.48,
    "word_ladder": 0.1775,
    "word_sequence_reversal": 0.26,
    "word_sorting": 0.07789206609439157,
    "arc_1d": 0.07859649122807016,
    "arc_agi": 0.12599999999999992,
    "rearc": 0.12399999999999992,
    "basic_arithmetic": 0.2622222222222222,
    "bitwise_arithmetic": 0.02,
    "calendar_arithmetic": 0.7363272678097346,
    "chain_sum": 0.46,
    "count_bits": 0.12,
    "decimal_arithmetic": 0.0,
    "decimal_chain_sum": 0.0,
    "dice": 0.0,
    "fraction_simplification": 0.14019999999999988,
    "gcd": 0.92,
    "gsm_symbolic": 0.9802,
    "lcm": 0.0,
    "leg_counting": 0.0,
    "number_format": 0.02,
    "power_function": 0.010000000000000004,
    "prime_factorization": 0.4552000000000001,
    "products": 0.0,
    "time_intervals": 0.9714446694444443,
    "bf": 0.0,
    "codeio": 0.15085543922677938,
    "color_cube_rotation": 0.26739999999999986,
    "figlet_font": 0.044000000000000004,
    "modulo_grid": 0.3081869476919823,
    "needle_haystack": 0.86,
    "number_sequence": 0.6,
    "rectangle_count": 0.04,
    "rubiks_cube": 0.04839999999999999,
    "countdown": 0.023000000000000007,
    "emoji_mystery": 0.010000000000000004,
    "futoshiki": 0.39220070347632796,
    "knight_swap": 0.04,
    "mahjong_puzzle": 0.36,
    "maze": 0.0,
    "mini_sudoku": 0.7212872340425536,
    "n_queens": 0.0,
    "puzzle24": 0.3059999999999999,
    "rush_hour": 0.009800000000000005,
    "sokoban": 0.0,
    "sudoku": 0.49397818677573274,
    "tower_of_hanoi": 0.0,
    "tsumego": 0.10459999999999992,
    "advanced_geometry": 0.018800000000000008,
    "simple_geometry": 0.52,
    "course_schedule": 0.4,
    "family_relationships": 0.56,
    "largest_island": 0.0,
    "quantum_lock": 0.42,
    "shortest_path": 0.0,
    "acre": 0.06,
    "list_functions": 0.58,
    "aiw": 0.38,
    "circuit_logic": 0.74,
    "knights_knaves": 0.7273333333333334,
    "propositional_logic": 0.43800000000000006,
    "self_reference": 0.12,
    "syllogism": 0.78,
    "zebra_puzzles": 0.24
  },
  "dataset_mean_scores": {
    "complex_arithmetic": 0.8000000004582253,
    "intermediate_integration": 0.56,
    "polynomial_equations": 0.6782183956202202,
    "polynomial_multiplication": 0.0,
    "simple_equations": 0.3504494720965308,
    "simple_integration": 0.66,
    "ab": 0.0,
    "base_conversion": 0.48,
    "binary_alternation": 0.06,
    "binary_matrix": 0.0,
    "caesar_cipher": 0.0,
    "count_primes": 0.02,
    "cryptarithm": 0.29706666666666665,
    "game_of_life": 0.597736,
    "game_of_life_halting": 1.0,
    "graph_color": 0.6633999999999999,
    "group_anagrams": 0.34600000000000003,
    "isomorphic_strings": 0.3,
    "jugs": 0.0014000000000000002,
    "letter_counting": 0.06,
    "letter_jumble": 0.3260137492583096,
    "manipulate_matrix": 0.0,
    "number_filtering": 0.04,
    "number_sorting": 0.0,
    "palindrome_generation": 0.01960000000000001,
    "palindrome_partitioning": 0.0,
    "pool_matrix": 0.0,
    "ransom_note": 0.26,
    "rotate_matrix": 0.14,
    "rotten_oranges": 0.01,
    "sentence_reordering": 0.04699999999999999,
    "spell_backward": 0.6873412698412698,
    "spiral_matrix": 0.0,
    "string_insertion": 0.02,
    "string_manipulation": 0.0786111111111111,
    "string_splitting": 0.32,
    "string_synthesis": 0.48,
    "word_ladder": 0.1775,
    "word_sequence_reversal": 0.26,
    "word_sorting": 0.07789206609439157,
    "arc_1d": 0.07859649122807016,
    "arc_agi": 0.12599999999999992,
    "rearc": 0.12399999999999992,
    "basic_arithmetic": 0.2622222222222222,
    "bitwise_arithmetic": 0.02,
    "calendar_arithmetic": 0.7363272678097346,
    "chain_sum": 0.46,
    "count_bits": 0.12,
    "decimal_arithmetic": 0.0,
    "decimal_chain_sum": 0.0,
    "dice": 0.0,
    "fraction_simplification": 0.14019999999999988,
    "gcd": 0.92,
    "gsm_symbolic": 0.9802,
    "lcm": 0.0,
    "leg_counting": 0.0,
    "number_format": 0.02,
    "power_function": 0.010000000000000004,
    "prime_factorization": 0.4552000000000001,
    "products": 0.0,
    "time_intervals": 0.9714446694444443,
    "bf": 0.0,
    "codeio": 0.15085543922677938,
    "color_cube_rotation": 0.26739999999999986,
    "figlet_font": 0.044000000000000004,
    "modulo_grid": 0.3081869476919823,
    "needle_haystack": 0.86,
    "number_sequence": 0.6,
    "rectangle_count": 0.04,
    "rubiks_cube": 0.04839999999999999,
    "countdown": 0.028400000000000016,
    "emoji_mystery": 0.010000000000000004,
    "futoshiki": 0.39220070347632796,
    "knight_swap": 0.04,
    "mahjong_puzzle": 0.36,
    "maze": 0.0,
    "mini_sudoku": 0.7212872340425536,
    "n_queens": 0.0,
    "puzzle24": 0.3069999999999999,
    "rush_hour": 0.009800000000000005,
    "sokoban": 0.0,
    "sudoku": 0.49397818677573274,
    "tower_of_hanoi": 0.0,
    "tsumego": 0.10459999999999992,
    "advanced_geometry": 0.018800000000000008,
    "simple_geometry": 0.52,
    "course_schedule": 0.4,
    "family_relationships": 0.56,
    "largest_island": 0.0,
    "quantum_lock": 0.42,
    "shortest_path": 0.0,
    "acre": 0.06,
    "list_functions": 0.58,
    "aiw": 0.38,
    "circuit_logic": 0.74,
    "knights_knaves": 0.7273333333333334,
    "propositional_logic": 0.43800000000000006,
    "self_reference": 0.12,
    "syllogism": 0.78,
    "zebra_puzzles": 0.24
  },
  "timestamp": "2025-04-13T01:47:14.524220",
  "git_hash": "2ad86a9237b1b9fa810985d00753f0ac0a6e3a5a",
  "model": "mistralai/mistral-small-3.1-24b-instruct",
  "provider": "Parasail",
  "system_prompt": "Given a problem, your task is to answer the question by thinking step-by-step in a clear and specific manner.\nOnce you have thought about the reasoning process, provide the answer in the following format:\n<answer>answer here</answer>\nDo not explain your reasoning inside the answer tags, provide only the final answer. When an example is provided, you should strictly follow the format of the output/answer in that example.\n",
  "max_tokens": 32768,
  "temperature": 0.6,
  "top_p": 0.95,
  "completions_per_prompt": 1,
  "duration_seconds": 76463.919824,
  "partial": false
}