{
  "total_datasets": 100,
  "total_examples": 5000,
  "dataset_best_scores": {
    "complex_arithmetic": 0.9713595414056005,
    "intermediate_integration": 0.98,
    "polynomial_equations": 0.570407307940138,
    "polynomial_multiplication": 0.0,
    "simple_equations": 0.4014285714285714,
    "simple_integration": 0.8,
    "ab": 0.0,
    "base_conversion": 0.7,
    "binary_alternation": 0.06,
    "binary_matrix": 0.0,
    "caesar_cipher": 0.0,
    "count_primes": 0.02,
    "cryptarithm": 0.3651277777777778,
    "game_of_life": 0.9828,
    "game_of_life_halting": 1.0,
    "graph_color": 0.5826000000000002,
    "group_anagrams": 0.5836000000000002,
    "isomorphic_strings": 0.5,
    "jugs": 0.022400000000000003,
    "letter_counting": 0.5,
    "letter_jumble": 0.7776723811118612,
    "manipulate_matrix": 0.04,
    "number_filtering": 0.42,
    "number_sorting": 0.6,
    "palindrome_generation": 0.020000000000000007,
    "palindrome_partitioning": 0.22,
    "pool_matrix": 0.01,
    "ransom_note": 0.46,
    "rotate_matrix": 0.12,
    "rotten_oranges": 0.54,
    "sentence_reordering": 0.051037267080745324,
    "spell_backward": 0.7642936507936509,
    "spiral_matrix": 0.0,
    "string_insertion": 0.42,
    "string_manipulation": 0.07891280875986759,
    "string_splitting": 0.0,
    "string_synthesis": 0.1,
    "word_ladder": 0.0975,
    "word_sequence_reversal": 0.82,
    "word_sorting": 0.4627134315201604,
    "arc_1d": 0.3,
    "arc_agi": 0.20000000000000015,
    "rearc": 0.16299999999999998,
    "basic_arithmetic": 0.49111111111111116,
    "bitwise_arithmetic": 0.02,
    "calendar_arithmetic": 0.893532543689456,
    "chain_sum": 0.36,
    "count_bits": 0.14,
    "decimal_arithmetic": 0.0,
    "decimal_chain_sum": 0.04,
    "dice": 0.0,
    "fraction_simplification": 0.06759999999999994,
    "gcd": 0.82,
    "gsm_symbolic": 0.7426000000000001,
    "lcm": 0.02,
    "leg_counting": 0.24,
    "number_format": 0.98,
    "power_function": 0.3069999999999999,
    "prime_factorization": 0.643,
    "products": 0.0,
    "time_intervals": 0.9977226824074075,
    "bf": 0.0,
    "codeio": 0.07501175977802732,
    "color_cube_rotation": 0.16839999999999986,
    "figlet_font": 0.07200000000000004,
    "modulo_grid": 0.1,
    "needle_haystack": 1.0,
    "number_sequence": 0.92,
    "rectangle_count": 0.2,
    "rubiks_cube": 0.009400000000000006,
    "countdown": 0.0,
    "emoji_mystery": 0.010000000000000004,
    "futoshiki": 0.1493210290406714,
    "knight_swap": 0.52,
    "mahjong_puzzle": 0.44,
    "maze": 0.0,
    "mini_sudoku": 0.920375,
    "n_queens": 0.0,
    "puzzle24": 0.18819999999999987,
    "rush_hour": 0.009800000000000005,
    "sokoban": 0.0,
    "sudoku": 0.009320987654320987,
    "tower_of_hanoi": 0.0,
    "tsumego": 0.24,
    "advanced_geometry": 0.018800000000000008,
    "simple_geometry": 0.0,
    "course_schedule": 0.5,
    "family_relationships": 0.82,
    "largest_island": 0.0,
    "quantum_lock": 0.35,
    "shortest_path": 0.12,
    "acre": 0.02,
    "list_functions": 0.74,
    "aiw": 0.54,
    "circuit_logic": 0.6,
    "knights_knaves": 0.45866666666666667,
    "propositional_logic": 0.705,
    "self_reference": 0.1,
    "syllogism": 0.82,
    "zebra_puzzles": 0.32
  },
  "dataset_mean_scores": {
    "complex_arithmetic": 0.9713595414056005,
    "intermediate_integration": 0.98,
    "polynomial_equations": 0.570407307940138,
    "polynomial_multiplication": 0.0,
    "simple_equations": 0.4014285714285714,
    "simple_integration": 0.8,
    "ab": 0.0,
    "base_conversion": 0.7,
    "binary_alternation": 0.06,
    "binary_matrix": 0.0,
    "caesar_cipher": 0.0,
    "count_primes": 0.02,
    "cryptarithm": 0.3651277777777778,
    "game_of_life": 0.9828,
    "game_of_life_halting": 1.0,
    "graph_color": 0.5826000000000002,
    "group_anagrams": 0.5836000000000002,
    "isomorphic_strings": 0.5,
    "jugs": 0.022400000000000003,
    "letter_counting": 0.5,
    "letter_jumble": 0.7776723811118612,
    "manipulate_matrix": 0.04,
    "number_filtering": 0.42,
    "number_sorting": 0.6,
    "palindrome_generation": 0.020000000000000007,
    "palindrome_partitioning": 0.22,
    "pool_matrix": 0.01,
    "ransom_note": 0.46,
    "rotate_matrix": 0.12,
    "rotten_oranges": 0.54,
    "sentence_reordering": 0.051037267080745324,
    "spell_backward": 0.7642936507936509,
    "spiral_matrix": 0.0,
    "string_insertion": 0.42,
    "string_manipulation": 0.07891280875986759,
    "string_splitting": 0.0,
    "string_synthesis": 0.1,
    "word_ladder": 0.0975,
    "word_sequence_reversal": 0.82,
    "word_sorting": 0.4627134315201604,
    "arc_1d": 0.3,
    "arc_agi": 0.20000000000000015,
    "rearc": 0.16299999999999998,
    "basic_arithmetic": 0.49111111111111116,
    "bitwise_arithmetic": 0.02,
    "calendar_arithmetic": 0.893532543689456,
    "chain_sum": 0.36,
    "count_bits": 0.14,
    "decimal_arithmetic": 0.0,
    "decimal_chain_sum": 0.04,
    "dice": 0.0,
    "fraction_simplification": 0.06779999999999994,
    "gcd": 0.82,
    "gsm_symbolic": 0.7426000000000001,
    "lcm": 0.02,
    "leg_counting": 0.24,
    "number_format": 0.98,
    "power_function": 0.3069999999999999,
    "prime_factorization": 0.643,
    "products": 0.0,
    "time_intervals": 0.9977226824074075,
    "bf": 0.0,
    "codeio": 0.07501175977802732,
    "color_cube_rotation": 0.16839999999999986,
    "figlet_font": 0.07200000000000004,
    "modulo_grid": 0.1,
    "needle_haystack": 1.0,
    "number_sequence": 0.92,
    "rectangle_count": 0.2,
    "rubiks_cube": 0.009400000000000006,
    "countdown": 0.010000000000000004,
    "emoji_mystery": 0.010000000000000004,
    "futoshiki": 0.1493210290406714,
    "knight_swap": 0.52,
    "mahjong_puzzle": 0.44,
    "maze": 0.0,
    "mini_sudoku": 0.920375,
    "n_queens": 0.0,
    "puzzle24": 0.18819999999999987,
    "rush_hour": 0.009800000000000005,
    "sokoban": 0.0,
    "sudoku": 0.009320987654320987,
    "tower_of_hanoi": 0.0,
    "tsumego": 0.24,
    "advanced_geometry": 0.018800000000000008,
    "simple_geometry": 0.0,
    "course_schedule": 0.5,
    "family_relationships": 0.82,
    "largest_island": 0.0,
    "quantum_lock": 0.35,
    "shortest_path": 0.12,
    "acre": 0.02,
    "list_functions": 0.74,
    "aiw": 0.54,
    "circuit_logic": 0.6,
    "knights_knaves": 0.45866666666666667,
    "propositional_logic": 0.705,
    "self_reference": 0.1,
    "syllogism": 0.82,
    "zebra_puzzles": 0.32
  },
  "timestamp": "2025-04-11T01:41:03.403036",
  "git_hash": "cd1a9ea58b7104ce4c39cd0852a5134d72b5d199",
  "model": "openrouter/optimus-alpha",
  "provider": "Stealth",
  "system_prompt": "Given a problem, your task is to answer the question by thinking step-by-step in a clear and specific manner.\nOnce you have thought about the reasoning process, provide the answer in the following format:\n<answer>answer here</answer>\nDo not explain your reasoning inside the answer tags, provide only the final answer. When an example is provided, you should strictly follow the format of the output/answer in that example.\n",
  "max_tokens": 32768,
  "temperature": 0.6,
  "top_p": 0.95,
  "completions_per_prompt": 1,
  "duration_seconds": 17234.033735,
  "partial": false
}