{
  "total_datasets": 101,
  "total_examples": 4950,
  "dataset_best_scores": {
    "complex_arithmetic": 1.0,
    "intermediate_integration": 0.96,
    "polynomial_equations": 0.9777789583165958,
    "polynomial_multiplication": 0.72,
    "simple_equations": 1.0,
    "simple_integration": 0.8,
    "ab": 0.22,
    "base_conversion": 0.94,
    "binary_alternation": 0.54,
    "binary_matrix": 0.06,
    "caesar_cipher": 0.4765528688980541,
    "count_primes": 0.0,
    "cryptarithm": 0.4026666666666668,
    "game_of_life": 0.9378,
    "game_of_life_halting": 0.98,
    "graph_color": 1.0,
    "group_anagrams": 0.7212000000000001,
    "isomorphic_strings": 0.92,
    "jugs": 0.5016,
    "letter_counting": 0.82,
    "letter_jumble": 0.808974512673429,
    "manipulate_matrix": 0.43496062992125983,
    "number_filtering": 1.0,
    "number_sorting": 1.0,
    "palindrome_generation": 0.5336,
    "palindrome_partitioning": 0.18,
    "pool_matrix": 0.42,
    "ransom_note": 0.98,
    "rotate_matrix": 0.18,
    "rotten_oranges": 0.34,
    "sentence_reordering": 0.3411022408963585,
    "spell_backward": 0.6745555555555555,
    "spiral_matrix": 0.36,
    "string_insertion": 0.96,
    "string_manipulation": 0.59425,
    "string_splitting": 0.94,
    "string_synthesis": 0.92,
    "word_ladder": 0.285,
    "word_sequence_reversal": 0.96,
    "word_sorting": 0.718,
    "arc_1d": 0.46,
    "arc_agi": 0.16399999999999998,
    "rearc": 0.35000000000000014,
    "basic_arithmetic": 0.9,
    "bitwise_arithmetic": 0.34,
    "calendar_arithmetic": 0.9584207917626492,
    "chain_sum": 0.0,
    "count_bits": 0.14,
    "decimal_arithmetic": 0.4,
    "decimal_chain_sum": 0.94,
    "dice": 0.12,
    "fraction_simplification": 0.6282000000000003,
    "gcd": 0.99,
    "gsm_symbolic": 0.9802,
    "lcm": 1.0,
    "leg_counting": 0.84,
    "number_format": 0.56,
    "power_function": 0.3862,
    "prime_factorization": 1.0,
    "products": 0.56,
    "time_intervals": 0.9990593046296296,
    "bf": 0.48,
    "codeio": 0.3833443211625805,
    "color_cube_rotation": 0.7426,
    "figlet_font": 0.05800000000000001,
    "modulo_grid": 0.14,
    "needle_haystack": 1.0,
    "number_sequence": 0.8,
    "rectangle_count": 0.4,
    "rubiks_cube": 0.0472,
    "boxnet": 0.32386666666666675,
    "countdown": 0.0638,
    "emoji_mystery": 0.019935117056856196,
    "futoshiki": 0.48123373258263186,
    "knight_swap": 0.2,
    "mahjong_puzzle": 0.58,
    "maze": 0.0,
    "mini_sudoku": 0.6903310810810812,
    "n_queens": 0.2,
    "puzzle24": 0.08279999999999994,
    "rush_hour": 0.010000000000000004,
    "sokoban": 0.02,
    "sudoku": 0.05540489642184557,
    "tower_of_hanoi": 0.08,
    "tsumego": 0.16399999999999992,
    "advanced_geometry": 0.5304000000000002,
    "simple_geometry": 0.6433333333333334,
    "course_schedule": 0.9,
    "family_relationships": 0.76,
    "largest_island": 0.82,
    "quantum_lock": 0.84,
    "shortest_path": 0.5,
    "acre": 0.0,
    "list_functions": 0.0,
    "aiw": 0.58,
    "circuit_logic": 0.64,
    "knights_knaves": 0.986,
    "propositional_logic": 0.685,
    "self_reference": 0.1,
    "syllogism": 0.88,
    "zebra_puzzles": 0.42
  },
  "dataset_mean_scores": {
    "complex_arithmetic": 1.0,
    "intermediate_integration": 0.96,
    "polynomial_equations": 0.9777789583165958,
    "polynomial_multiplication": 0.72,
    "simple_equations": 1.0,
    "simple_integration": 0.8,
    "ab": 0.22,
    "base_conversion": 0.94,
    "binary_alternation": 0.54,
    "binary_matrix": 0.06,
    "caesar_cipher": 0.4765528688980541,
    "count_primes": 0.0,
    "cryptarithm": 0.4026666666666668,
    "game_of_life": 0.9378,
    "game_of_life_halting": 0.98,
    "graph_color": 1.0,
    "group_anagrams": 0.7212000000000001,
    "isomorphic_strings": 0.92,
    "jugs": 0.5016,
    "letter_counting": 0.82,
    "letter_jumble": 0.808974512673429,
    "manipulate_matrix": 0.43496062992125983,
    "number_filtering": 1.0,
    "number_sorting": 1.0,
    "palindrome_generation": 0.5336,
    "palindrome_partitioning": 0.18,
    "pool_matrix": 0.42,
    "ransom_note": 0.98,
    "rotate_matrix": 0.18,
    "rotten_oranges": 0.34,
    "sentence_reordering": 0.3411022408963585,
    "spell_backward": 0.6745555555555555,
    "spiral_matrix": 0.36,
    "string_insertion": 0.96,
    "string_manipulation": 0.59425,
    "string_splitting": 0.94,
    "string_synthesis": 0.92,
    "word_ladder": 0.285,
    "word_sequence_reversal": 0.96,
    "word_sorting": 0.718,
    "arc_1d": 0.46,
    "arc_agi": 0.16399999999999998,
    "rearc": 0.35000000000000014,
    "basic_arithmetic": 0.9,
    "bitwise_arithmetic": 0.34,
    "calendar_arithmetic": 0.9584207917626492,
    "chain_sum": 0.0,
    "count_bits": 0.14,
    "decimal_arithmetic": 0.4,
    "decimal_chain_sum": 0.94,
    "dice": 0.12,
    "fraction_simplification": 0.6282000000000003,
    "gcd": 0.99,
    "gsm_symbolic": 0.9802,
    "lcm": 1.0,
    "leg_counting": 0.84,
    "number_format": 0.56,
    "power_function": 0.3862,
    "prime_factorization": 1.0,
    "products": 0.56,
    "time_intervals": 0.9990593046296296,
    "bf": 0.48,
    "codeio": 0.3833443211625805,
    "color_cube_rotation": 0.7426,
    "figlet_font": 0.05800000000000001,
    "modulo_grid": 0.14,
    "needle_haystack": 1.0,
    "number_sequence": 0.8,
    "rectangle_count": 0.4,
    "rubiks_cube": 0.04759999999999999,
    "boxnet": 0.32386666666666675,
    "countdown": 0.07179999999999995,
    "emoji_mystery": 0.019935117056856196,
    "futoshiki": 0.48123373258263186,
    "knight_swap": 0.2,
    "mahjong_puzzle": 0.58,
    "maze": 0.0,
    "mini_sudoku": 0.6903310810810812,
    "n_queens": 0.2,
    "puzzle24": 0.08919999999999981,
    "rush_hour": 0.010000000000000004,
    "sokoban": 0.02,
    "sudoku": 0.05540489642184557,
    "tower_of_hanoi": 0.08,
    "tsumego": 0.16399999999999992,
    "advanced_geometry": 0.5304000000000002,
    "simple_geometry": 0.6433333333333334,
    "course_schedule": 0.9,
    "family_relationships": 0.76,
    "largest_island": 0.82,
    "quantum_lock": 0.84,
    "shortest_path": 0.5,
    "acre": 0.0,
    "list_functions": 0.0,
    "aiw": 0.58,
    "circuit_logic": 0.64,
    "knights_knaves": 0.986,
    "propositional_logic": 0.685,
    "self_reference": 0.1,
    "syllogism": 0.88,
    "zebra_puzzles": 0.42
  },
  "timestamp": "2025-04-07T15:54:44.516917",
  "git_hash": "cd1a9ea58b7104ce4c39cd0852a5134d72b5d199",
  "model": "openrouter/quasar-alpha",
  "provider": "OpenRouter",
  "system_prompt": "Given a problem, your task is to answer the question by thinking step-by-step in a clear and specific manner.\nOnce you have thought about the reasoning process, provide the answer in the following format:\n<answer>answer here</answer>\nDo not explain your reasoning inside the answer tags, provide only the final answer. When an example is provided, you should strictly follow the format of the output/answer in that example.\n",
  "max_tokens": 32768,
  "temperature": 0.6,
  "top_p": 0.95,
  "completions_per_prompt": 1,
  "duration_seconds": 5206.063722,
  "partial": false
}