{
  "total_datasets": 100,
  "total_examples": 5000,
  "dataset_best_scores": {
    "complex_arithmetic": 0.8961934967227561,
    "intermediate_integration": 0.64,
    "polynomial_equations": 0.8657967580013358,
    "polynomial_multiplication": 0.0,
    "simple_equations": 0.2,
    "simple_integration": 0.48,
    "ab": 0.0,
    "base_conversion": 0.44,
    "binary_alternation": 0.02,
    "binary_matrix": 0.0,
    "caesar_cipher": 0.0,
    "count_primes": 0.0,
    "cryptarithm": 0.053022222222222214,
    "game_of_life": 0.05904,
    "game_of_life_halting": 0.96,
    "graph_color": 0.4402,
    "group_anagrams": 0.22319999999999995,
    "isomorphic_strings": 0.2,
    "jugs": 0.0006,
    "letter_counting": 0.2,
    "letter_jumble": 0.5274738834824643,
    "manipulate_matrix": 0.0,
    "number_filtering": 0.04,
    "number_sorting": 0.0,
    "palindrome_generation": 0.009200000000000003,
    "palindrome_partitioning": 0.02,
    "pool_matrix": 0.0,
    "ransom_note": 0.16,
    "rotate_matrix": 0.0,
    "rotten_oranges": 0.06,
    "sentence_reordering": 0.05465833333333332,
    "spell_backward": 0.6826904761904765,
    "spiral_matrix": 0.0,
    "string_insertion": 0.24,
    "string_manipulation": 0.01917808219178082,
    "string_splitting": 0.18,
    "string_synthesis": 0.16,
    "word_ladder": 0.03,
    "word_sequence_reversal": 0.0,
    "word_sorting": 0.0,
    "arc_1d": 0.03816091954022989,
    "arc_agi": 0.022000000000000006,
    "rearc": 0.022000000000000006,
    "basic_arithmetic": 0.3483333333333334,
    "bitwise_arithmetic": 0.0,
    "calendar_arithmetic": 0.6034588310854204,
    "chain_sum": 1.0,
    "count_bits": 0.1,
    "decimal_arithmetic": 0.02,
    "decimal_chain_sum": 0.1,
    "dice": 0.0,
    "fraction_simplification": 0.71,
    "gcd": 0.86,
    "gsm_symbolic": 0.56,
    "lcm": 0.02,
    "leg_counting": 0.0,
    "number_format": 0.0,
    "power_function": 0.009800000000000005,
    "prime_factorization": 1.0,
    "products": 0.0,
    "time_intervals": 0.9120071330246914,
    "bf": 0.0,
    "codeio": 0.0,
    "color_cube_rotation": 0.14319999999999994,
    "figlet_font": 0.022,
    "modulo_grid": 0.0,
    "needle_haystack": 0.1,
    "number_sequence": 0.8,
    "rectangle_count": 0.12,
    "rubiks_cube": 0.03220000000000002,
    "countdown": 0.06799999999999999,
    "emoji_mystery": 0.009000000000000005,
    "futoshiki": 0.2555816326530612,
    "knight_swap": 0.0,
    "mahjong_puzzle": 0.0,
    "maze": 0.0,
    "mini_sudoku": 0.6938750000000001,
    "n_queens": 0.0,
    "puzzle24": 0.46400000000000036,
    "rush_hour": 0.008400000000000005,
    "sokoban": 0.0,
    "sudoku": 0.23775323790047717,
    "tower_of_hanoi": 0.0,
    "tsumego": 0.04300000000000001,
    "advanced_geometry": 0.06799999999999994,
    "simple_geometry": 0.044000000000000004,
    "course_schedule": 0.08,
    "family_relationships": 0.8,
    "largest_island": 0.04,
    "quantum_lock": 0.32,
    "shortest_path": 0.0,
    "acre": 0.36,
    "list_functions": 0.28,
    "aiw": 0.14,
    "circuit_logic": 0.4,
    "knights_knaves": 0.6346666666666667,
    "propositional_logic": 0.214,
    "self_reference": 0.1,
    "syllogism": 0.78,
    "zebra_puzzles": 0.26
  },
  "dataset_mean_scores": {
    "complex_arithmetic": 0.8961934967227561,
    "intermediate_integration": 0.64,
    "polynomial_equations": 0.8657967580013358,
    "polynomial_multiplication": 0.0,
    "simple_equations": 0.2,
    "simple_integration": 0.48,
    "ab": 0.0,
    "base_conversion": 0.44,
    "binary_alternation": 0.02,
    "binary_matrix": 0.0,
    "caesar_cipher": 0.0,
    "count_primes": 0.0,
    "cryptarithm": 0.053022222222222214,
    "game_of_life": 0.05904,
    "game_of_life_halting": 0.96,
    "graph_color": 0.4402,
    "group_anagrams": 0.22319999999999995,
    "isomorphic_strings": 0.2,
    "jugs": 0.0006,
    "letter_counting": 0.2,
    "letter_jumble": 0.5274738834824643,
    "manipulate_matrix": 0.0,
    "number_filtering": 0.04,
    "number_sorting": 0.0,
    "palindrome_generation": 0.009200000000000003,
    "palindrome_partitioning": 0.02,
    "pool_matrix": 0.0,
    "ransom_note": 0.16,
    "rotate_matrix": 0.0,
    "rotten_oranges": 0.06,
    "sentence_reordering": 0.05465833333333332,
    "spell_backward": 0.6826904761904765,
    "spiral_matrix": 0.0,
    "string_insertion": 0.24,
    "string_manipulation": 0.01917808219178082,
    "string_splitting": 0.18,
    "string_synthesis": 0.16,
    "word_ladder": 0.03,
    "word_sequence_reversal": 0.0,
    "word_sorting": 0.0,
    "arc_1d": 0.03816091954022989,
    "arc_agi": 0.022000000000000006,
    "rearc": 0.022000000000000006,
    "basic_arithmetic": 0.3483333333333334,
    "bitwise_arithmetic": 0.0,
    "calendar_arithmetic": 0.6034588310854204,
    "chain_sum": 1.0,
    "count_bits": 0.1,
    "decimal_arithmetic": 0.02,
    "decimal_chain_sum": 0.1,
    "dice": 0.0,
    "fraction_simplification": 0.7116000000000001,
    "gcd": 0.86,
    "gsm_symbolic": 0.56,
    "lcm": 0.02,
    "leg_counting": 0.0,
    "number_format": 0.0,
    "power_function": 0.009800000000000005,
    "prime_factorization": 1.0,
    "products": 0.0,
    "time_intervals": 0.9120071330246914,
    "bf": 0.0,
    "codeio": 0.0,
    "color_cube_rotation": 0.14319999999999994,
    "figlet_font": 0.022,
    "modulo_grid": 0.0,
    "needle_haystack": 0.1,
    "number_sequence": 0.8,
    "rectangle_count": 0.12,
    "rubiks_cube": 0.03220000000000002,
    "countdown": 0.07579999999999983,
    "emoji_mystery": 0.009000000000000005,
    "futoshiki": 0.2555816326530612,
    "knight_swap": 0.0,
    "mahjong_puzzle": 0.0,
    "maze": 0.0,
    "mini_sudoku": 0.6938750000000001,
    "n_queens": 0.0,
    "puzzle24": 0.46540000000000026,
    "rush_hour": 0.008400000000000005,
    "sokoban": 0.0,
    "sudoku": 0.23775323790047717,
    "tower_of_hanoi": 0.0,
    "tsumego": 0.04300000000000001,
    "advanced_geometry": 0.06799999999999994,
    "simple_geometry": 0.044000000000000004,
    "course_schedule": 0.08,
    "family_relationships": 0.8,
    "largest_island": 0.04,
    "quantum_lock": 0.32,
    "shortest_path": 0.0,
    "acre": 0.36,
    "list_functions": 0.28,
    "aiw": 0.14,
    "circuit_logic": 0.4,
    "knights_knaves": 0.6346666666666667,
    "propositional_logic": 0.214,
    "self_reference": 0.1,
    "syllogism": 0.78,
    "zebra_puzzles": 0.26
  },
  "timestamp": "2025-04-13T01:17:28.495114",
  "git_hash": "2ad86a9237b1b9fa810985d00753f0ac0a6e3a5a",
  "model": "google/gemma-3-12b-it",
  "provider": "DeepInfra",
  "system_prompt": "Given a problem, your task is to answer the question by thinking step-by-step in a clear and specific manner.\nOnce you have thought about the reasoning process, provide the answer in the following format:\n<answer>answer here</answer>\nDo not explain your reasoning inside the answer tags, provide only the final answer. When an example is provided, you should strictly follow the format of the output/answer in that example.\n",
  "max_tokens": 32768,
  "temperature": 0.6,
  "top_p": 0.95,
  "completions_per_prompt": 1,
  "duration_seconds": 80272.303747,
  "partial": false
}