{
  "total_datasets": 100,
  "total_examples": 5000,
  "dataset_best_scores": {
    "complex_arithmetic": 0.94,
    "intermediate_integration": 1.0,
    "polynomial_equations": 0.9996539190436724,
    "polynomial_multiplication": 0.06,
    "simple_equations": 0.99,
    "simple_integration": 0.9,
    "ab": 0.08,
    "base_conversion": 1.0,
    "binary_alternation": 0.16,
    "binary_matrix": 0.0,
    "caesar_cipher": 0.6167101092047483,
    "count_primes": 0.04,
    "cryptarithm": 0.42623333333333335,
    "game_of_life": 0.43636800000000003,
    "game_of_life_halting": 1.0,
    "graph_color": 1.0,
    "group_anagrams": 0.8812000000000001,
    "isomorphic_strings": 0.5,
    "jugs": 0.9601999999999999,
    "letter_counting": 0.82,
    "letter_jumble": 0.8653749733213358,
    "manipulate_matrix": 0.06,
    "number_filtering": 0.98,
    "number_sorting": 0.98,
    "palindrome_generation": 0.059200000000000016,
    "palindrome_partitioning": 0.48,
    "pool_matrix": 0.0,
    "ransom_note": 0.72,
    "rotate_matrix": 0.14,
    "rotten_oranges": 0.31,
    "sentence_reordering": 0.06777617385639158,
    "spell_backward": 0.9792857142857143,
    "spiral_matrix": 0.0,
    "string_insertion": 0.82,
    "string_manipulation": 0.26,
    "string_splitting": 0.98,
    "string_synthesis": 0.98,
    "word_ladder": 0.45875,
    "word_sequence_reversal": 1.0,
    "word_sorting": 0.9364897269733023,
    "arc_1d": 0.639322033898305,
    "arc_agi": 0.24000000000000013,
    "rearc": 0.18299999999999994,
    "basic_arithmetic": 0.9,
    "bitwise_arithmetic": 0.22,
    "calendar_arithmetic": 1.0,
    "chain_sum": 1.0,
    "count_bits": 0.98,
    "decimal_arithmetic": 0.18,
    "decimal_chain_sum": 0.44,
    "dice": 0.06,
    "fraction_simplification": 0.9405999999999999,
    "gcd": 1.0,
    "gsm_symbolic": 0.9802,
    "lcm": 0.96,
    "leg_counting": 0.24,
    "number_format": 1.0,
    "power_function": 0.8614,
    "prime_factorization": 1.0,
    "products": 0.26,
    "time_intervals": 0.9568337935185185,
    "bf": 0.015,
    "codeio": 0.21976487647925091,
    "color_cube_rotation": 0.406,
    "figlet_font": 0.06600000000000002,
    "modulo_grid": 0.26353797883674596,
    "needle_haystack": 1.0,
    "number_sequence": 1.0,
    "rectangle_count": 0.16,
    "rubiks_cube": 0.04819999999999999,
    "countdown": 0.7909999999999999,
    "emoji_mystery": 0.029474631268436587,
    "futoshiki": 0.5075723301368741,
    "knight_swap": 0.8,
    "mahjong_puzzle": 0.52,
    "maze": 0.08,
    "mini_sudoku": 1.0,
    "n_queens": 0.18,
    "puzzle24": 1.0,
    "rush_hour": 0.009800000000000005,
    "sokoban": 0.0,
    "sudoku": 0.7233333333333334,
    "tower_of_hanoi": 0.31729411764705884,
    "tsumego": 0.6770000000000002,
    "advanced_geometry": 0.5906000000000001,
    "simple_geometry": 0.6266666666666673,
    "course_schedule": 0.62,
    "family_relationships": 0.9,
    "largest_island": 0.2,
    "quantum_lock": 0.95,
    "shortest_path": 0.34,
    "acre": 0.92,
    "list_functions": 0.92,
    "aiw": 0.64,
    "circuit_logic": 0.8,
    "knights_knaves": 1.0,
    "propositional_logic": 0.7709999999999999,
    "self_reference": 0.76,
    "syllogism": 0.98,
    "zebra_puzzles": 0.76
  },
  "dataset_mean_scores": {
    "complex_arithmetic": 0.94,
    "intermediate_integration": 1.0,
    "polynomial_equations": 0.9996539190436724,
    "polynomial_multiplication": 0.06,
    "simple_equations": 0.99,
    "simple_integration": 0.9,
    "ab": 0.08,
    "base_conversion": 1.0,
    "binary_alternation": 0.16,
    "binary_matrix": 0.0,
    "caesar_cipher": 0.6167101092047483,
    "count_primes": 0.04,
    "cryptarithm": 0.42623333333333335,
    "game_of_life": 0.43636800000000003,
    "game_of_life_halting": 1.0,
    "graph_color": 1.0,
    "group_anagrams": 0.8812000000000001,
    "isomorphic_strings": 0.5,
    "jugs": 0.9601999999999999,
    "letter_counting": 0.82,
    "letter_jumble": 0.8653749733213358,
    "manipulate_matrix": 0.06,
    "number_filtering": 0.98,
    "number_sorting": 0.98,
    "palindrome_generation": 0.059200000000000016,
    "palindrome_partitioning": 0.48,
    "pool_matrix": 0.0,
    "ransom_note": 0.72,
    "rotate_matrix": 0.14,
    "rotten_oranges": 0.31,
    "sentence_reordering": 0.06777617385639158,
    "spell_backward": 0.9792857142857143,
    "spiral_matrix": 0.0,
    "string_insertion": 0.82,
    "string_manipulation": 0.26,
    "string_splitting": 0.98,
    "string_synthesis": 0.98,
    "word_ladder": 0.45875,
    "word_sequence_reversal": 1.0,
    "word_sorting": 0.9364897269733023,
    "arc_1d": 0.639322033898305,
    "arc_agi": 0.24000000000000013,
    "rearc": 0.18299999999999994,
    "basic_arithmetic": 0.9,
    "bitwise_arithmetic": 0.22,
    "calendar_arithmetic": 1.0,
    "chain_sum": 1.0,
    "count_bits": 0.98,
    "decimal_arithmetic": 0.18,
    "decimal_chain_sum": 0.44,
    "dice": 0.06,
    "fraction_simplification": 0.9405999999999999,
    "gcd": 1.0,
    "gsm_symbolic": 0.9802,
    "lcm": 0.96,
    "leg_counting": 0.24,
    "number_format": 1.0,
    "power_function": 0.8614,
    "prime_factorization": 1.0,
    "products": 0.26,
    "time_intervals": 0.9568337935185185,
    "bf": 0.015,
    "codeio": 0.21976487647925091,
    "color_cube_rotation": 0.406,
    "figlet_font": 0.06600000000000002,
    "modulo_grid": 0.26353797883674596,
    "needle_haystack": 1.0,
    "number_sequence": 1.0,
    "rectangle_count": 0.16,
    "rubiks_cube": 0.04819999999999999,
    "countdown": 0.7909999999999999,
    "emoji_mystery": 0.029474631268436587,
    "futoshiki": 0.5075723301368741,
    "knight_swap": 0.8,
    "mahjong_puzzle": 0.52,
    "maze": 0.08,
    "mini_sudoku": 1.0,
    "n_queens": 0.18,
    "puzzle24": 1.0,
    "rush_hour": 0.009800000000000005,
    "sokoban": 0.0,
    "sudoku": 0.7233333333333334,
    "tower_of_hanoi": 0.31729411764705884,
    "tsumego": 0.6770000000000002,
    "advanced_geometry": 0.5906000000000001,
    "simple_geometry": 0.6266666666666673,
    "course_schedule": 0.62,
    "family_relationships": 0.9,
    "largest_island": 0.2,
    "quantum_lock": 0.95,
    "shortest_path": 0.34,
    "acre": 0.92,
    "list_functions": 0.92,
    "aiw": 0.64,
    "circuit_logic": 0.8,
    "knights_knaves": 1.0,
    "propositional_logic": 0.7709999999999999,
    "self_reference": 0.76,
    "syllogism": 0.98,
    "zebra_puzzles": 0.76
  },
  "timestamp": "2025-04-10T20:00:06.665001",
  "git_hash": "cd1a9ea58b7104ce4c39cd0852a5134d72b5d199",
  "model": "deepseek/deepseek-r1",
  "provider": "Nebius",
  "system_prompt": "Given a problem, your task is to answer the question by thinking step-by-step in a clear and specific manner.\nOnce you have thought about the reasoning process, provide the answer in the following format:\n<answer>answer here</answer>\nDo not explain your reasoning inside the answer tags, provide only the final answer. When an example is provided, you should strictly follow the format of the output/answer in that example.\n",
  "max_tokens": 32768,
  "temperature": 0.6,
  "top_p": 0.95,
  "completions_per_prompt": 1,
  "duration_seconds": 115316.765716,
  "partial": false
}