{
  "total_datasets": 101,
  "total_examples": 5050,
  "dataset_best_scores": {
    "complex_arithmetic": 0.96,
    "intermediate_integration": 0.94,
    "polynomial_equations": 0.9785727747752115,
    "polynomial_multiplication": 0.76,
    "simple_equations": 0.9823529411764705,
    "simple_integration": 0.64,
    "ab": 0.0,
    "base_conversion": 0.84,
    "binary_alternation": 0.4,
    "binary_matrix": 0.0,
    "caesar_cipher": 0.04,
    "count_primes": 0.1,
    "cryptarithm": 0.21883888888888886,
    "game_of_life": 0.0,
    "game_of_life_halting": 0.48,
    "graph_color": 0.0,
    "group_anagrams": 0.4402,
    "isomorphic_strings": 0.48,
    "jugs": 0.0,
    "letter_counting": 0.4,
    "letter_jumble": 0.6004626986360734,
    "manipulate_matrix": 0.10886075949367088,
    "number_filtering": 0.12,
    "number_sorting": 0.0,
    "palindrome_generation": 0.31639999999999985,
    "palindrome_partitioning": 0.0,
    "pool_matrix": 0.21599999999999997,
    "ransom_note": 0.6,
    "rotate_matrix": 0.08,
    "rotten_oranges": 0.1,
    "sentence_reordering": 0.2521129785247433,
    "spell_backward": 0.79,
    "spiral_matrix": 0.04,
    "string_insertion": 0.06,
    "string_manipulation": 0.18386363636363637,
    "string_splitting": 0.0,
    "string_synthesis": 0.0,
    "word_ladder": 0.08,
    "word_sequence_reversal": 0.0,
    "word_sorting": 0.06,
    "arc_1d": 0.2178181818181818,
    "arc_agi": 0.0,
    "rearc": 0.002,
    "basic_arithmetic": 0.612212643678161,
    "bitwise_arithmetic": 0.0,
    "calendar_arithmetic": 0.8514064945166679,
    "chain_sum": 0.7031999999999999,
    "count_bits": 0.3,
    "decimal_arithmetic": 0.24,
    "decimal_chain_sum": 0.54,
    "dice": 0.24,
    "fraction_simplification": 0.963,
    "gcd": 1.0,
    "gsm_symbolic": 1.0,
    "lcm": 1.0,
    "leg_counting": 0.02,
    "number_format": 0.02,
    "power_function": 0.5842000000000003,
    "prime_factorization": 0.54,
    "products": 0.48057519846304414,
    "time_intervals": 0.9847277791666668,
    "bf": 0.0,
    "codeio": 0.0,
    "color_cube_rotation": 0.20799999999999985,
    "figlet_font": 0.04400000000000001,
    "modulo_grid": 0.0,
    "needle_haystack": 0.38,
    "number_sequence": 0.635,
    "rectangle_count": 0.02,
    "rubiks_cube": 0.04200000000000001,
    "boxnet": 0.0,
    "countdown": 0.1359999999999999,
    "emoji_mystery": 0.010000000000000004,
    "futoshiki": 0.10016584183673469,
    "knight_swap": 0.32,
    "mahjong_puzzle": 0.06,
    "maze": 0.1,
    "mini_sudoku": 0.23149999999999998,
    "n_queens": 0.0,
    "puzzle24": 0.8614,
    "rush_hour": 0.005000000000000001,
    "sokoban": 0.0,
    "sudoku": 0.0,
    "tower_of_hanoi": 0.02,
    "tsumego": 0.08799999999999995,
    "advanced_geometry": 0.6290000000000002,
    "simple_geometry": 0.9266666666666667,
    "course_schedule": 0.96,
    "family_relationships": 0.62,
    "largest_island": 0.44,
    "quantum_lock": 0.0,
    "shortest_path": 0.0,
    "acre": 0.0,
    "list_functions": 0.0,
    "aiw": 0.3,
    "circuit_logic": 0.76,
    "knights_knaves": 0.5529999999999999,
    "propositional_logic": 0.39899999999999997,
    "self_reference": 0.14,
    "syllogism": 0.68,
    "zebra_puzzles": 0.72
  },
  "dataset_mean_scores": {
    "complex_arithmetic": 0.9466666666666668,
    "intermediate_integration": 0.9,
    "polynomial_equations": 0.977074587297656,
    "polynomial_multiplication": 0.6866666666666665,
    "simple_equations": 0.9823529411764705,
    "simple_integration": 0.6266666666666666,
    "ab": 0.0,
    "base_conversion": 0.7999999999999998,
    "binary_alternation": 0.15999999999999998,
    "binary_matrix": 0.0,
    "caesar_cipher": 0.02,
    "count_primes": 0.03333333333333333,
    "cryptarithm": 0.0972648148148148,
    "game_of_life": 0.0,
    "game_of_life_halting": 0.34666666666666673,
    "graph_color": 0.0,
    "group_anagrams": 0.2002,
    "isomorphic_strings": 0.46,
    "jugs": 0.0,
    "letter_counting": 0.36,
    "letter_jumble": 0.47615655597698947,
    "manipulate_matrix": 0.10219409282700422,
    "number_filtering": 0.08,
    "number_sorting": 0.0,
    "palindrome_generation": 0.28153333333333314,
    "palindrome_partitioning": 0.0,
    "pool_matrix": 0.13399999999999998,
    "ransom_note": 0.5533333333333333,
    "rotate_matrix": 0.06,
    "rotten_oranges": 0.1,
    "sentence_reordering": 0.2248313103018985,
    "spell_backward": 0.7576666666666668,
    "spiral_matrix": 0.02,
    "string_insertion": 0.04666666666666667,
    "string_manipulation": 0.10230639730639732,
    "string_splitting": 0.0,
    "string_synthesis": 0.0,
    "word_ladder": 0.05,
    "word_sequence_reversal": 0.0,
    "word_sorting": 0.026666666666666665,
    "arc_1d": 0.13877890011223343,
    "arc_agi": 0.0,
    "rearc": 0.001,
    "basic_arithmetic": 0.5649904214559388,
    "bitwise_arithmetic": 0.0,
    "calendar_arithmetic": 0.8149825172290858,
    "chain_sum": 0.6831999999999999,
    "count_bits": 0.09999999999999998,
    "decimal_arithmetic": 0.22,
    "decimal_chain_sum": 0.5333333333333333,
    "dice": 0.09333333333333332,
    "fraction_simplification": 0.9317333333333334,
    "gcd": 1.0,
    "gsm_symbolic": 0.9670000000000001,
    "lcm": 0.9933333333333333,
    "leg_counting": 0.013333333333333332,
    "number_format": 0.02,
    "power_function": 0.43873333333333336,
    "prime_factorization": 0.4666666666666666,
    "products": 0.46685839948768143,
    "time_intervals": 0.984164536882716,
    "bf": 0.0,
    "codeio": 0.0,
    "color_cube_rotation": 0.1617333333333332,
    "figlet_font": 0.03933333333333335,
    "modulo_grid": 0.0,
    "needle_haystack": 0.29333333333333333,
    "number_sequence": 0.5766666666666665,
    "rectangle_count": 0.02,
    "rubiks_cube": 0.02600000000000001,
    "boxnet": 0.0,
    "countdown": 0.06513333333333331,
    "emoji_mystery": 0.010000000000000004,
    "futoshiki": 0.049550280612244896,
    "knight_swap": 0.15999999999999998,
    "mahjong_puzzle": 0.03333333333333333,
    "maze": 0.06,
    "mini_sudoku": 0.16483333333333333,
    "n_queens": 0.0,
    "puzzle24": 0.6370000000000001,
    "rush_hour": 0.0035999999999999995,
    "sokoban": 0.0,
    "sudoku": 0.0,
    "tower_of_hanoi": 0.02,
    "tsumego": 0.06266666666666663,
    "advanced_geometry": 0.5236000000000003,
    "simple_geometry": 0.83,
    "course_schedule": 0.6933333333333332,
    "family_relationships": 0.6,
    "largest_island": 0.34,
    "quantum_lock": 0.0,
    "shortest_path": 0.0,
    "acre": 0.0,
    "list_functions": 0.0,
    "aiw": 0.18,
    "circuit_logic": 0.6000000000000001,
    "knights_knaves": 0.45500000000000007,
    "propositional_logic": 0.319,
    "self_reference": 0.06666666666666667,
    "syllogism": 0.6333333333333333,
    "zebra_puzzles": 0.5133333333333333
  },
  "timestamp": "2025-03-15T18:15:41.274216",
  "git_hash": "f373881c069ae71a4dfc36890482063d6ac64eb1",
  "model": "google/gemma-3-27b-it",
  "provider": "DeepInfra",
  "system_prompt": "Given a problem, your task is to answer the question by thinking step-by-step in a clear and specific manner.\nOnce you have thought about the reasoning process, provide the answer in the following format:\n<answer>answer here</answer>\nDo not explain your reasoning inside the answer tags, provide only the final answer. When an example is provided, you should strictly follow the format of the output/answer in that example.\n",
  "max_tokens": 32768,
  "temperature": 0.6,
  "top_p": 0.95,
  "completions_per_prompt": 3,
  "duration_seconds": 24892.533761,
  "partial": false
}