{
  "total_datasets": 101,
  "total_examples": 5050,
  "dataset_best_scores": {
    "complex_arithmetic": 1.0,
    "intermediate_integration": 0.9,
    "polynomial_equations": 0.9147005497044141,
    "polynomial_multiplication": 0.32,
    "simple_equations": 1.0,
    "simple_integration": 0.82,
    "ab": 0.0,
    "base_conversion": 0.92,
    "binary_alternation": 0.272,
    "binary_matrix": 0.06,
    "caesar_cipher": 0.0,
    "count_primes": 0.02,
    "cryptarithm": 0.4420166666666667,
    "game_of_life": 0.5276000000000001,
    "game_of_life_halting": 1.0,
    "graph_color": 1.0,
    "group_anagrams": 0.9802,
    "isomorphic_strings": 0.94,
    "jugs": 0.0002,
    "letter_counting": 0.66,
    "letter_jumble": 0.24988710859144295,
    "manipulate_matrix": 0.3532075471698113,
    "number_filtering": 0.96,
    "number_sorting": 0.0,
    "palindrome_generation": 0.24299999999999986,
    "palindrome_partitioning": 0.0,
    "pool_matrix": 0.3,
    "ransom_note": 0.94,
    "rotate_matrix": 0.54,
    "rotten_oranges": 0.20199999999999999,
    "sentence_reordering": 0.1384285714285714,
    "spell_backward": 0.3320000000000001,
    "spiral_matrix": 0.04,
    "string_insertion": 0.34,
    "string_manipulation": 0.43288888888888893,
    "string_splitting": 0.88,
    "string_synthesis": 0.78,
    "word_ladder": 0.0,
    "word_sequence_reversal": 0.0,
    "word_sorting": 0.15200000000000002,
    "arc_1d": 0.38,
    "arc_agi": 0.014000000000000002,
    "rearc": 0.047000000000000014,
    "basic_arithmetic": 0.86,
    "bitwise_arithmetic": 0.0,
    "calendar_arithmetic": 0.852,
    "chain_sum": 1.0,
    "count_bits": 0.04,
    "decimal_arithmetic": 0.22,
    "decimal_chain_sum": 0.84,
    "dice": 0.0,
    "fraction_simplification": 0.030000000000000006,
    "gcd": 0.84,
    "gsm_symbolic": 0.92,
    "lcm": 0.98,
    "leg_counting": 0.72,
    "number_format": 0.08,
    "power_function": 0.24739999999999987,
    "prime_factorization": 0.82,
    "products": 0.4,
    "time_intervals": 0.9995360175925926,
    "bf": 0.0,
    "codeio": 0.2454507901892396,
    "color_cube_rotation": 0.5050000000000003,
    "figlet_font": 0.04000000000000001,
    "modulo_grid": 0.08,
    "needle_haystack": 0.02,
    "number_sequence": 0.9,
    "rectangle_count": 0.44,
    "rubiks_cube": 0.04899999999999999,
    "boxnet": 0.5746666666666667,
    "countdown": 0.0,
    "emoji_mystery": 0.010000000000000004,
    "futoshiki": 0.21644697727000697,
    "knight_swap": 0.4,
    "mahjong_puzzle": 0.56,
    "maze": 0.0,
    "mini_sudoku": 0.11479983108108106,
    "n_queens": 0.0,
    "puzzle24": 0.20279999999999995,
    "rush_hour": 0.008800000000000004,
    "sokoban": 0.04,
    "sudoku": 0.11264767331433997,
    "tower_of_hanoi": 0.0,
    "tsumego": 0.06899999999999991,
    "advanced_geometry": 0.43280000000000024,
    "simple_geometry": 0.5593333333333336,
    "course_schedule": 0.7,
    "family_relationships": 0.24,
    "largest_island": 0.3,
    "quantum_lock": 0.59,
    "shortest_path": 0.32,
    "acre": 0.0,
    "list_functions": 0.68,
    "aiw": 0.46,
    "circuit_logic": 0.78,
    "knights_knaves": 0.8849999999999999,
    "propositional_logic": 0.615,
    "self_reference": 0.0,
    "syllogism": 0.84,
    "zebra_puzzles": 0.6
  },
  "dataset_mean_scores": {
    "complex_arithmetic": 1.0,
    "intermediate_integration": 0.7066666666666669,
    "polynomial_equations": 0.900928554972896,
    "polynomial_multiplication": 0.23999999999999996,
    "simple_equations": 0.94,
    "simple_integration": 0.66,
    "ab": 0.0,
    "base_conversion": 0.8066666666666665,
    "binary_alternation": 0.09733333333333334,
    "binary_matrix": 0.026666666666666665,
    "caesar_cipher": 0.0,
    "count_primes": 0.006666666666666666,
    "cryptarithm": 0.3022722222222221,
    "game_of_life": 0.32166666666666666,
    "game_of_life_halting": 0.9866666666666666,
    "graph_color": 0.8944000000000001,
    "group_anagrams": 0.8280000000000001,
    "isomorphic_strings": 0.8333333333333331,
    "jugs": 6.666666666666667e-05,
    "letter_counting": 0.39333333333333337,
    "letter_jumble": 0.14573963801363182,
    "manipulate_matrix": 0.23320754716981132,
    "number_filtering": 0.9466666666666665,
    "number_sorting": 0.0,
    "palindrome_generation": 0.16039999999999993,
    "palindrome_partitioning": 0.0,
    "pool_matrix": 0.13933333333333334,
    "ransom_note": 0.8,
    "rotate_matrix": 0.3466666666666666,
    "rotten_oranges": 0.084,
    "sentence_reordering": 0.08400793650793649,
    "spell_backward": 0.16033333333333333,
    "spiral_matrix": 0.026666666666666665,
    "string_insertion": 0.22,
    "string_manipulation": 0.2900740740740741,
    "string_splitting": 0.54,
    "string_synthesis": 0.5333333333333333,
    "word_ladder": 0.0,
    "word_sequence_reversal": 0.0,
    "word_sorting": 0.07866666666666666,
    "arc_1d": 0.26,
    "arc_agi": 0.007666666666666666,
    "rearc": 0.023666666666666673,
    "basic_arithmetic": 0.7333333333333334,
    "bitwise_arithmetic": 0.0,
    "calendar_arithmetic": 0.7642306547233807,
    "chain_sum": 0.9733333333333332,
    "count_bits": 0.02,
    "decimal_arithmetic": 0.22,
    "decimal_chain_sum": 0.6733333333333333,
    "dice": 0.0,
    "fraction_simplification": 0.023666666666666673,
    "gcd": 0.5866666666666667,
    "gsm_symbolic": 0.8068666666666665,
    "lcm": 0.9466666666666665,
    "leg_counting": 0.6933333333333332,
    "number_format": 0.05333333333333333,
    "power_function": 0.11326666666666664,
    "prime_factorization": 0.4935333333333333,
    "products": 0.35333333333333333,
    "time_intervals": 0.9349962402006171,
    "bf": 0.0,
    "codeio": 0.17759191592962964,
    "color_cube_rotation": 0.2737999999999999,
    "figlet_font": 0.02733333333333333,
    "modulo_grid": 0.03333333333333333,
    "needle_haystack": 0.006666666666666666,
    "number_sequence": 0.6866666666666668,
    "rectangle_count": 0.30000000000000004,
    "rubiks_cube": 0.04120000000000002,
    "boxnet": 0.31337777777777787,
    "countdown": 0.010000000000000004,
    "emoji_mystery": 0.00993333333333334,
    "futoshiki": 0.10550582354541793,
    "knight_swap": 0.24000000000000005,
    "mahjong_puzzle": 0.37333333333333324,
    "maze": 0.0,
    "mini_sudoku": 0.04689161036036036,
    "n_queens": 0.0,
    "puzzle24": 0.08259999999999995,
    "rush_hour": 0.005799999999999997,
    "sokoban": 0.013333333333333332,
    "sudoku": 0.04740107628996519,
    "tower_of_hanoi": 0.0,
    "tsumego": 0.048666666666666664,
    "advanced_geometry": 0.28579999999999994,
    "simple_geometry": 0.48688888888888904,
    "course_schedule": 0.6,
    "family_relationships": 0.21333333333333332,
    "largest_island": 0.26,
    "quantum_lock": 0.38,
    "shortest_path": 0.11999999999999998,
    "acre": 0.0,
    "list_functions": 0.49999999999999994,
    "aiw": 0.36,
    "circuit_logic": 0.49333333333333335,
    "knights_knaves": 0.6153333333333331,
    "propositional_logic": 0.36633333333333346,
    "self_reference": 0.0,
    "syllogism": 0.6266666666666668,
    "zebra_puzzles": 0.46
  },
  "timestamp": "2025-03-15T16:57:56.203905",
  "git_hash": "f373881c069ae71a4dfc36890482063d6ac64eb1",
  "model": "meta-llama/llama-3.3-70b-instruct",
  "provider": "Hyperbolic",
  "system_prompt": "Given a problem, your task is to answer the question by thinking step-by-step in a clear and specific manner.\nOnce you have thought about the reasoning process, provide the answer in the following format:\n<answer>answer here</answer>\nDo not explain your reasoning inside the answer tags, provide only the final answer. When an example is provided, you should strictly follow the format of the output/answer in that example.\n",
  "max_tokens": 32768,
  "temperature": 0.6,
  "top_p": 0.95,
  "completions_per_prompt": 3,
  "duration_seconds": 33418.075267,
  "partial": false
}