{
  "total_datasets": 100,
  "total_examples": 5000,
  "dataset_best_scores": {
    "complex_arithmetic": 0.98,
    "intermediate_integration": 0.98,
    "polynomial_equations": 0.9991224066560415,
    "polynomial_multiplication": 0.02,
    "simple_equations": 0.92,
    "simple_integration": 1.0,
    "ab": 0.7,
    "base_conversion": 1.0,
    "binary_alternation": 0.32,
    "binary_matrix": 0.0,
    "caesar_cipher": 0.8525162376263898,
    "count_primes": 0.04,
    "cryptarithm": 0.2205722222222222,
    "game_of_life": 0.612192,
    "game_of_life_halting": 1.0,
    "graph_color": 1.0,
    "group_anagrams": 0.8614,
    "isomorphic_strings": 0.86,
    "jugs": 1.0,
    "letter_counting": 0.98,
    "letter_jumble": 0.9150607912552039,
    "manipulate_matrix": 0.18,
    "number_filtering": 1.0,
    "number_sorting": 0.9,
    "palindrome_generation": 0.5693999999999999,
    "palindrome_partitioning": 0.82,
    "pool_matrix": 0.0,
    "ransom_note": 0.92,
    "rotate_matrix": 0.16,
    "rotten_oranges": 0.08,
    "sentence_reordering": 0.05855366435412201,
    "spell_backward": 0.9776666666666667,
    "spiral_matrix": 0.0,
    "string_insertion": 0.72,
    "string_manipulation": 0.32,
    "string_splitting": 1.0,
    "string_synthesis": 0.04,
    "word_ladder": 0.529375,
    "word_sequence_reversal": 1.0,
    "word_sorting": 0.943720092915215,
    "arc_1d": 0.45949367088607596,
    "arc_agi": 0.29500000000000015,
    "rearc": 0.33500000000000035,
    "basic_arithmetic": 0.96,
    "bitwise_arithmetic": 0.48,
    "calendar_arithmetic": 1.0,
    "chain_sum": 1.0,
    "count_bits": 0.98,
    "decimal_arithmetic": 0.1,
    "decimal_chain_sum": 0.4,
    "dice": 0.48,
    "fraction_simplification": 0.982,
    "gcd": 1.0,
    "gsm_symbolic": 0.9802,
    "lcm": 0.94,
    "leg_counting": 0.82,
    "number_format": 1.0,
    "power_function": 0.4060000000000001,
    "prime_factorization": 0.9802,
    "products": 0.26,
    "time_intervals": 0.9990564787037037,
    "bf": 0.026666666666666665,
    "codeio": 0.24141581312689858,
    "color_cube_rotation": 0.5248000000000003,
    "figlet_font": 0.096,
    "modulo_grid": 0.0,
    "needle_haystack": 1.0,
    "number_sequence": 0.98,
    "rectangle_count": 0.34,
    "rubiks_cube": 0.008200000000000002,
    "countdown": 1.0,
    "emoji_mystery": 0.011834045689019902,
    "futoshiki": 0.5700306122448979,
    "knight_swap": 0.64,
    "mahjong_puzzle": 0.82,
    "maze": 0.05333333333333333,
    "mini_sudoku": 1.0,
    "n_queens": 0.7,
    "puzzle24": 0.9802000000000001,
    "rush_hour": 0.010000000000000004,
    "sokoban": 0.26,
    "sudoku": 0.8193333333333334,
    "tower_of_hanoi": 0.541,
    "tsumego": 0.8282,
    "advanced_geometry": 0.1375999999999999,
    "simple_geometry": 0.9480000000000001,
    "course_schedule": 0.66,
    "family_relationships": 0.88,
    "largest_island": 0.32,
    "quantum_lock": 0.98,
    "shortest_path": 0.24,
    "acre": 0.76,
    "list_functions": 0.9,
    "aiw": 0.74,
    "circuit_logic": 0.68,
    "knights_knaves": 1.0,
    "propositional_logic": 0.7,
    "self_reference": 0.92,
    "syllogism": 0.94,
    "zebra_puzzles": 0.92
  },
  "dataset_mean_scores": {
    "complex_arithmetic": 0.98,
    "intermediate_integration": 0.98,
    "polynomial_equations": 0.9991224066560415,
    "polynomial_multiplication": 0.02,
    "simple_equations": 0.92,
    "simple_integration": 1.0,
    "ab": 0.7,
    "base_conversion": 1.0,
    "binary_alternation": 0.32,
    "binary_matrix": 0.0,
    "caesar_cipher": 0.8525162376263898,
    "count_primes": 0.04,
    "cryptarithm": 0.2205722222222222,
    "game_of_life": 0.612192,
    "game_of_life_halting": 1.0,
    "graph_color": 1.0,
    "group_anagrams": 0.8614,
    "isomorphic_strings": 0.86,
    "jugs": 1.0,
    "letter_counting": 0.98,
    "letter_jumble": 0.9150607912552039,
    "manipulate_matrix": 0.18,
    "number_filtering": 1.0,
    "number_sorting": 0.9,
    "palindrome_generation": 0.5693999999999999,
    "palindrome_partitioning": 0.82,
    "pool_matrix": 0.0,
    "ransom_note": 0.92,
    "rotate_matrix": 0.16,
    "rotten_oranges": 0.08,
    "sentence_reordering": 0.05855366435412201,
    "spell_backward": 0.9776666666666667,
    "spiral_matrix": 0.0,
    "string_insertion": 0.72,
    "string_manipulation": 0.32,
    "string_splitting": 1.0,
    "string_synthesis": 0.04,
    "word_ladder": 0.529375,
    "word_sequence_reversal": 1.0,
    "word_sorting": 0.943720092915215,
    "arc_1d": 0.45949367088607596,
    "arc_agi": 0.29500000000000015,
    "rearc": 0.33500000000000035,
    "basic_arithmetic": 0.96,
    "bitwise_arithmetic": 0.48,
    "calendar_arithmetic": 1.0,
    "chain_sum": 1.0,
    "count_bits": 0.98,
    "decimal_arithmetic": 0.1,
    "decimal_chain_sum": 0.4,
    "dice": 0.48,
    "fraction_simplification": 0.982,
    "gcd": 1.0,
    "gsm_symbolic": 0.9802,
    "lcm": 0.94,
    "leg_counting": 0.82,
    "number_format": 1.0,
    "power_function": 0.4060000000000001,
    "prime_factorization": 0.9802,
    "products": 0.26,
    "time_intervals": 0.9990564787037037,
    "bf": 0.026666666666666665,
    "codeio": 0.24141581312689858,
    "color_cube_rotation": 0.5248000000000003,
    "figlet_font": 0.096,
    "modulo_grid": 0.0,
    "needle_haystack": 1.0,
    "number_sequence": 0.98,
    "rectangle_count": 0.34,
    "rubiks_cube": 0.008200000000000002,
    "countdown": 1.0,
    "emoji_mystery": 0.011834045689019902,
    "futoshiki": 0.5700306122448979,
    "knight_swap": 0.64,
    "mahjong_puzzle": 0.82,
    "maze": 0.05333333333333333,
    "mini_sudoku": 1.0,
    "n_queens": 0.7,
    "puzzle24": 0.9802000000000001,
    "rush_hour": 0.010000000000000004,
    "sokoban": 0.26,
    "sudoku": 0.8193333333333334,
    "tower_of_hanoi": 0.541,
    "tsumego": 0.8282,
    "advanced_geometry": 0.1375999999999999,
    "simple_geometry": 0.9480000000000001,
    "course_schedule": 0.66,
    "family_relationships": 0.88,
    "largest_island": 0.32,
    "quantum_lock": 0.98,
    "shortest_path": 0.24,
    "acre": 0.76,
    "list_functions": 0.9,
    "aiw": 0.74,
    "circuit_logic": 0.68,
    "knights_knaves": 1.0,
    "propositional_logic": 0.7,
    "self_reference": 0.92,
    "syllogism": 0.94,
    "zebra_puzzles": 0.92
  },
  "timestamp": "2025-04-15T09:58:18.562375",
  "git_hash": "71787c6a0e2fc46b67fcb7c50af7ad0aa43b6439",
  "model": "openai/o3-mini",
  "provider": "OpenAI",
  "system_prompt": "Given a problem, your task is to answer the question by thinking step-by-step in a clear and specific manner.\nOnce you have thought about the reasoning process, provide the answer in the following format:\n<answer>answer here</answer>\nDo not explain your reasoning inside the answer tags, provide only the final answer. When an example is provided, you should strictly follow the format of the output/answer in that example.\n",
  "max_tokens": 32768,
  "temperature": 0.6,
  "top_p": 0.95,
  "completions_per_prompt": 1,
  "duration_seconds": 20342.562665,
  "partial": false
}