{
  "total_datasets": 100,
  "total_examples": 5450,
  "dataset_scores": {
    "complex_arithmetic": 0.9248124796646422,
    "intermediate_integration": 0.66,
    "polynomial_equations": 0.9062256583087644,
    "polynomial_multiplication": 0.7,
    "simple_equations": 1.0,
    "simple_integration": 0.76,
    "ab": 0.08,
    "base_conversion": 0.92,
    "binary_alternation": 0.32,
    "binary_matrix": 0.16,
    "caesar_cipher": 0.5397222222222222,
    "count_primes": 0.08,
    "cryptarithm": 0.3545055555555557,
    "game_of_life": 0.4102000000000001,
    "game_of_life_halting": 1.0,
    "graph_color": 0.36639999999999995,
    "group_anagrams": 0.9405999999999999,
    "isomorphic_strings": 0.86,
    "jugs": 0.14859999999999984,
    "letter_counting": 0.66,
    "letter_jumble": 0.8846160013017598,
    "manipulate_matrix": 0.36,
    "number_filtering": 0.96,
    "number_sorting": 1.0,
    "palindrome_generation": 0.7666,
    "palindrome_partitioning": 0.08,
    "pool_matrix": 0.41,
    "ransom_note": 0.94,
    "rotate_matrix": 0.8,
    "rotten_oranges": 0.18,
    "sentence_reordering": 0.2878223443223444,
    "spell_backward": 0.981,
    "spiral_matrix": 0.24,
    "string_insertion": 0.68,
    "string_manipulation": 0.073,
    "string_splitting": 0.7,
    "string_synthesis": 0.42,
    "word_ladder": 0.15,
    "word_sequence_reversal": 1.0,
    "word_sorting": 0.7879999999999999,
    "arc_1d": 0.38,
    "arc_agi": 0.2590000000000001,
    "rearc": 0.35300000000000026,
    "basic_arithmetic": 0.98,
    "bitwise_arithmetic": 0.4,
    "calendar_arithmetic": 0.8740000000000001,
    "chain_sum": 1.0,
    "count_bits": 0.1,
    "decimal_arithmetic": 0.88,
    "decimal_chain_sum": 0.96,
    "dice": 0.0,
    "fraction_simplification": 0.5310000000000001,
    "gcd": 1.0,
    "gsm_symbolic": 1.0,
    "lcm": 1.0,
    "leg_counting": 0.9,
    "number_format": 0.98,
    "power_function": 0.5446000000000003,
    "prime_factorization": 0.9802,
    "products": 0.88,
    "time_intervals": 0.659029675,
    "bf": 0.4,
    "codeio": 3525492.8124839626,
    "color_cube_rotation": 0.5842000000000003,
    "figlet_font": 0.21399999999999994,
    "modulo_grid": 0.64,
    "needle_haystack": 1.0,
    "number_sequence": 0.8,
    "rectangle_count": 0.42,
    "rubiks_cube": 0.049199999999999994,
    "countdown": 0.2780000000000002,
    "emoji_mystery": 0.026026415094339627,
    "futoshiki": 0.5302500000000001,
    "knight_swap": 0.001,
    "mahjong_puzzle": 0.48202820111095285,
    "maze": 0.26,
    "mini_sudoku": 0.704375,
    "n_queens": 0.26,
    "puzzle24": 0.28719999999999996,
    "rush_hour": 0.0,
    "sokoban": 0.0,
    "sudoku": 0.738888888888889,
    "tower_of_hanoi": 0.3308571428571429,
    "tsumego": 0.48700000000000015,
    "advanced_geometry": 0.05379999999999994,
    "simple_geometry": 0.9286666666666668,
    "course_schedule": 0.8,
    "family_relationships": 0.84,
    "largest_island": 0.52,
    "quantum_lock": 0.41,
    "shortest_path": 0.21,
    "acre": 0.78,
    "list_functions": 0.84,
    "aiw": 0.3022222222222222,
    "circuit_logic": 0.84,
    "knights_knaves": 0.7829999999999998,
    "propositional_logic": 0.5790000000000001,
    "self_reference": 0.08,
    "syllogism": 0.88,
    "zebra_puzzles": 0.54
  },
  "timestamp": "2025-03-10T00:54:22.581239",
  "git_hash": "4109b5b72cfe9975cbebc3a8ee08f465fe40f14b",
  "model": "anthropic/claude-3.5-sonnet",
  "provider": "Anthropic",
  "system_prompt": "Given a problem, your task is to answer the question by thinking step-by-step in a clear and specific manner.\nOnce you have thought about the reasoning process, provide the answer in the following format:\n<answer>answer here</answer>\nDo not explain your reasoning inside the answer tags, provide only the final answer. When an example is provided, you should strictly follow the format of the output/answer in that example.\n",
  "max_tokens": 32768,
  "temperature": 0.6,
  "top_p": 0.95,
  "duration_seconds": 3191.564231
}