{
  "total_datasets": 101,
  "total_examples": 5050,
  "dataset_best_scores": {
    "complex_arithmetic": 1.0,
    "intermediate_integration": 0.96,
    "polynomial_equations": 0.8563389457594901,
    "polynomial_multiplication": 0.78,
    "simple_equations": 1.0,
    "simple_integration": 0.88,
    "ab": 0.28,
    "base_conversion": 1.0,
    "binary_alternation": 0.62,
    "binary_matrix": 0.4,
    "caesar_cipher": 0.6778946720807185,
    "count_primes": 0.16,
    "cryptarithm": 0.44901666666666673,
    "game_of_life": 0.9606,
    "game_of_life_halting": 1.0,
    "graph_color": 1.0,
    "group_anagrams": 0.9802000000000001,
    "isomorphic_strings": 1.0,
    "jugs": 0.9604,
    "letter_counting": 0.88,
    "letter_jumble": 0.9302667949525534,
    "manipulate_matrix": 0.44,
    "number_filtering": 1.0,
    "number_sorting": 0.0,
    "palindrome_generation": 1.0,
    "palindrome_partitioning": 0.54,
    "pool_matrix": 0.622,
    "ransom_note": 0.94,
    "rotate_matrix": 0.92,
    "rotten_oranges": 0.3,
    "sentence_reordering": 0.42786874236874256,
    "spell_backward": 1.0,
    "spiral_matrix": 0.36,
    "string_insertion": 1.0,
    "string_manipulation": 0.5487646030440149,
    "string_splitting": 0.86,
    "string_synthesis": 0.68,
    "word_ladder": 0.405,
    "word_sequence_reversal": 1.0,
    "word_sorting": 0.98,
    "arc_1d": 0.6,
    "arc_agi": 0.2590000000000002,
    "rearc": 0.6010000000000002,
    "basic_arithmetic": 0.94,
    "bitwise_arithmetic": 0.42,
    "calendar_arithmetic": 0.9280000000000002,
    "chain_sum": 1.0,
    "count_bits": 0.34,
    "decimal_arithmetic": 0.9,
    "decimal_chain_sum": 1.0,
    "dice": 0.0,
    "fraction_simplification": 0.981,
    "gcd": 1.0,
    "gsm_symbolic": 0.9802,
    "lcm": 1.0,
    "leg_counting": 0.98,
    "number_format": 1.0,
    "power_function": 0.9009999999999999,
    "prime_factorization": 1.0,
    "products": 0.98,
    "time_intervals": 0.9990676379629629,
    "bf": 0.94,
    "codeio": 0.5572328998783785,
    "color_cube_rotation": 0.7228000000000001,
    "figlet_font": 0.2579999999999999,
    "modulo_grid": 0.88,
    "needle_haystack": 1.0,
    "number_sequence": 0.9,
    "rectangle_count": 0.74,
    "rubiks_cube": 0.06899999999999991,
    "boxnet": 0.43633333333333363,
    "countdown": 0.8290000000000001,
    "emoji_mystery": 0.06999397343075459,
    "futoshiki": 0.5549132227891158,
    "knight_swap": 0.42,
    "mahjong_puzzle": 0.66,
    "maze": 0.48,
    "mini_sudoku": 0.9109999999999999,
    "n_queens": 0.34,
    "puzzle24": 0.9802,
    "rush_hour": 0.008400000000000005,
    "sokoban": 0.04,
    "sudoku": 0.7562222222222222,
    "tower_of_hanoi": 0.5985873015873018,
    "tsumego": 0.6200000000000002,
    "advanced_geometry": 0.6302000000000002,
    "simple_geometry": 0.9840000000000001,
    "course_schedule": 0.9,
    "family_relationships": 0.84,
    "largest_island": 0.78,
    "quantum_lock": 0.82,
    "shortest_path": 0.43,
    "acre": 0.98,
    "list_functions": 0.86,
    "aiw": 0.48,
    "circuit_logic": 1.0,
    "knights_knaves": 0.9719999999999999,
    "propositional_logic": 0.6759999999999999,
    "self_reference": 0.24,
    "syllogism": 0.88,
    "zebra_puzzles": 0.76
  },
  "dataset_mean_scores": {
    "complex_arithmetic": 0.9750451256895099,
    "intermediate_integration": 0.8999999999999999,
    "polynomial_equations": 0.8107683051102115,
    "polynomial_multiplication": 0.7266666666666667,
    "simple_equations": 1.0,
    "simple_integration": 0.86,
    "ab": 0.1533333333333333,
    "base_conversion": 0.9866666666666667,
    "binary_alternation": 0.4066666666666668,
    "binary_matrix": 0.27333333333333326,
    "caesar_cipher": 0.557453486452415,
    "count_primes": 0.06666666666666667,
    "cryptarithm": 0.3768481481481482,
    "game_of_life": 0.9507999999999996,
    "game_of_life_halting": 1.0,
    "graph_color": 0.9868000000000001,
    "group_anagrams": 0.9142000000000001,
    "isomorphic_strings": 0.96,
    "jugs": 0.8152000000000003,
    "letter_counting": 0.7466666666666667,
    "letter_jumble": 0.8952747314604897,
    "manipulate_matrix": 0.3316535433070867,
    "number_filtering": 0.9933333333333333,
    "number_sorting": 0.0,
    "palindrome_generation": 0.8836000000000003,
    "palindrome_partitioning": 0.2733333333333334,
    "pool_matrix": 0.5166666666666667,
    "ransom_note": 0.9333333333333332,
    "rotate_matrix": 0.8466666666666667,
    "rotten_oranges": 0.17333333333333337,
    "sentence_reordering": 0.3695500131676603,
    "spell_backward": 0.9873333333333334,
    "spiral_matrix": 0.2866666666666666,
    "string_insertion": 0.94,
    "string_manipulation": 0.3476447278211985,
    "string_splitting": 0.6933333333333331,
    "string_synthesis": 0.5399999999999999,
    "word_ladder": 0.25000000000000006,
    "word_sequence_reversal": 0.9933333333333333,
    "word_sorting": 0.924,
    "arc_1d": 0.46666666666666656,
    "arc_agi": 0.1956666666666668,
    "rearc": 0.49333333333333357,
    "basic_arithmetic": 0.9333333333333335,
    "bitwise_arithmetic": 0.4133333333333333,
    "calendar_arithmetic": 0.8786268490929429,
    "chain_sum": 1.0,
    "count_bits": 0.13999999999999999,
    "decimal_arithmetic": 0.8466666666666667,
    "decimal_chain_sum": 1.0,
    "dice": 0.0,
    "fraction_simplification": 0.8930000000000001,
    "gcd": 1.0,
    "gsm_symbolic": 0.9802,
    "lcm": 0.9933333333333333,
    "leg_counting": 0.9333333333333332,
    "number_format": 0.9933333333333334,
    "power_function": 0.7558000000000001,
    "prime_factorization": 0.9868000000000001,
    "products": 0.9066666666666666,
    "time_intervals": 0.9373086873456792,
    "bf": 0.7933333333333334,
    "codeio": 0.4659853633633506,
    "color_cube_rotation": 0.6238000000000002,
    "figlet_font": 0.18866666666666665,
    "modulo_grid": 0.5933333333333334,
    "needle_haystack": 1.0,
    "number_sequence": 0.7999999999999998,
    "rectangle_count": 0.5733333333333333,
    "rubiks_cube": 0.05993333333333327,
    "boxnet": 0.32922222222222247,
    "countdown": 0.6611333333333335,
    "emoji_mystery": 0.03189364331749796,
    "futoshiki": 0.4898160610355254,
    "knight_swap": 0.25333333333333335,
    "mahjong_puzzle": 0.45333333333333337,
    "maze": 0.22666666666666668,
    "mini_sudoku": 0.7717499999999999,
    "n_queens": 0.24,
    "puzzle24": 0.8284000000000001,
    "rush_hour": 0.005599999999999997,
    "sokoban": 0.013333333333333332,
    "sudoku": 0.7219259259259261,
    "tower_of_hanoi": 0.43752910052910043,
    "tsumego": 0.43633333333333363,
    "advanced_geometry": 0.42560000000000003,
    "simple_geometry": 0.9640000000000001,
    "course_schedule": 0.7933333333333333,
    "family_relationships": 0.84,
    "largest_island": 0.66,
    "quantum_lock": 0.6633333333333334,
    "shortest_path": 0.26666666666666666,
    "acre": 0.8800000000000001,
    "list_functions": 0.8000000000000002,
    "aiw": 0.34666666666666673,
    "circuit_logic": 0.8399999999999999,
    "knights_knaves": 0.9496666666666665,
    "propositional_logic": 0.6116666666666668,
    "self_reference": 0.11333333333333333,
    "syllogism": 0.88,
    "zebra_puzzles": 0.5599999999999999
  },
  "timestamp": "2025-03-16T08:27:50.862342",
  "git_hash": "27cdd25548fbe013934e1c4921debedf81cd85e9",
  "model": "anthropic/claude-3.7-sonnet",
  "provider": "Anthropic",
  "system_prompt": "Given a problem, your task is to answer the question by thinking step-by-step in a clear and specific manner.\nOnce you have thought about the reasoning process, provide the answer in the following format:\n<answer>answer here</answer>\nDo not explain your reasoning inside the answer tags, provide only the final answer. When an example is provided, you should strictly follow the format of the output/answer in that example.\n",
  "max_tokens": 32768,
  "temperature": 0.6,
  "top_p": 0.95,
  "completions_per_prompt": 3,
  "duration_seconds": 10584.946537,
  "partial": false
}