{
  "total_datasets": 95,
  "total_examples": 4750,
  "dataset_scores": {
    "complex_arithmetic": 0.98,
    "intermediate_integration": 0.752,
    "polynomial_equations": 0.9370276281930424,
    "polynomial_multiplication": 0.3730000000000003,
    "simple_equations": 0.84,
    "simple_integration": 0.695,
    "ab": 0.009600000000000004,
    "base_conversion": 0.9007999999999999,
    "binary_alternation": 0.16839999999999986,
    "binary_matrix": 0.06879999999999986,
    "caesar_cipher": 0.0038000000000000004,
    "count_primes": 0.02900000000000001,
    "cryptarithm": 0.33931666666666677,
    "game_of_life": 0.008000000000000004,
    "graph_color": 0.18759999999999985,
    "group_anagrams": 0.48440000000000016,
    "isomorphic_strings": 0.802,
    "jugs": 0.0034000000000000002,
    "letter_counting": 0.3462000000000001,
    "letter_jumble": 0.024800000000000003,
    "manipulate_matrix": 0.6026,
    "number_filtering": 0.8808,
    "number_sorting": 0.06,
    "palindrome": 0.07539999999999997,
    "palindrome_partitioning": 0.048799999999999975,
    "pool_matrix": 0.31719999999999987,
    "ransom_note": 0.7030000000000001,
    "rotate_matrix": 0.6152705548077742,
    "rotten_oranges": 0.0944666666666666,
    "sentence_reordering": 0.06604761904761905,
    "spell_backward": 0.32800000000000007,
    "spiral_matrix": 0.0889999999999999,
    "string_insertion": 0.14859999999999984,
    "string_manipulation": 0.3684746411483256,
    "string_splitting": 0.5248000000000002,
    "string_synthesis": 0.5246000000000001,
    "word_ladder": 0.0102,
    "word_sequence_reversal": 0.84,
    "word_sorting": 0.5434000000000002,
    "arc_1d": 0.0,
    "arc_agi": 0.037000000000000005,
    "rearc": 0.06999999999999998,
    "basic_arithmetic": 0.7816000000000001,
    "bitwise_arithmetic": 0.029400000000000003,
    "calendar_arithmetic": 0.7380000000000001,
    "chain_sum": 0.96,
    "count_bits": 0.043599999999999924,
    "decimal_arithmetic": 0.008800000000000004,
    "decimal_chain_sum": 0.5614000000000001,
    "dice": 0.009800000000000005,
    "fraction_simplification": 0.05759999999999998,
    "gcd": 0.6408,
    "gsm_symbolic": 0.7481157190635453,
    "lcm": 0.9403999999999999,
    "leg_counting": 0.7225999999999999,
    "number_format": 0.9401999999999999,
    "power_function": 0.41179999999999994,
    "prime_factorization": 0.7404,
    "products": 0.34519999999999995,
    "time_intervals": 0.9373731847222223,
    "bf": 0.0025999999999999994,
    "codeio": 0.0582,
    "color_cube_rotation": 0.32659999999999983,
    "figlet_font": 0.025999999999999995,
    "needle_haystack": 0.02,
    "number_sequence": 0.6618,
    "rectangle_count": 0.3648000000000002,
    "rubiks_cube": 0.034200000000000015,
    "countdown": 0.02,
    "emoji_mystery": 0.009600000000000004,
    "futoshiki": 0.11275321757735356,
    "knight_swap": 0.30399999999999994,
    "maze": 0.0004,
    "mini_sudoku": 0.07090808823529413,
    "n_queens": 0.009200000000000005,
    "rush_hour": 0.0,
    "sokoban": 0.1319999999999999,
    "sudoku": 0.09516507405911173,
    "tower_of_hanoi": 0.0,
    "tsumego": 0.12099999999999989,
    "advanced_geometry": 0.3220000000000002,
    "simple_geometry": 0.38226666666666664,
    "course_schedule": 0.8018,
    "family_relationships": 0.0228,
    "largest_island": 0.34659999999999996,
    "quantum_lock": 0.39599999999999996,
    "shortest_path": 0.11839999999999991,
    "list_functions": 0.6424000000000002,
    "aiw": 0.3454,
    "circuit_logic": 0.48180000000000006,
    "knights_knaves": 0.6532000000000002,
    "propositional_logic": 0.365,
    "self_reference": 0.1179999999999999,
    "syllogism": 0.6803999999999999,
    "zebra_puzzles": 0.4256000000000001
  },
  "timestamp": "2025-02-27T21:44:27.110029",
  "git_hash": "5b8d1b5175c4e8dcb00c3adad2b6c4c44d274adc",
  "model": "meta-llama/llama-3.3-70b-instruct",
  "provider": "Hyperbolic",
  "duration_seconds": 14441.59405
}