{
  "total_datasets": 101,
  "total_examples": 5050,
  "dataset_best_scores": {
    "complex_arithmetic": 1.0,
    "intermediate_integration": 1.0,
    "polynomial_equations": 0.9796643592350446,
    "polynomial_multiplication": 0.8,
    "simple_equations": 1.0,
    "simple_integration": 0.96,
    "ab": 0.08,
    "base_conversion": 1.0,
    "binary_alternation": 0.58,
    "binary_matrix": 0.3,
    "caesar_cipher": 0.04,
    "count_primes": 0.04,
    "cryptarithm": 0.44766111111111123,
    "game_of_life": 0.9471999999999998,
    "game_of_life_halting": 1.0,
    "graph_color": 1.0,
    "group_anagrams": 0.9802,
    "isomorphic_strings": 0.98,
    "jugs": 0.7624000000000001,
    "letter_counting": 0.86,
    "letter_jumble": 0.8603797723604225,
    "manipulate_matrix": 0.6149606299212599,
    "number_filtering": 0.96,
    "number_sorting": 1.0,
    "palindrome_generation": 0.883,
    "palindrome_partitioning": 0.18,
    "pool_matrix": 0.5080000000000001,
    "ransom_note": 0.96,
    "rotate_matrix": 0.86,
    "rotten_oranges": 0.23,
    "sentence_reordering": 0.3443284606690181,
    "spell_backward": 0.9770714285714286,
    "spiral_matrix": 0.3,
    "string_insertion": 0.5,
    "string_manipulation": 0.42,
    "string_splitting": 1.0,
    "string_synthesis": 0.98,
    "word_ladder": 0.25,
    "word_sequence_reversal": 1.0,
    "word_sorting": 0.9680000000000001,
    "arc_1d": 0.54,
    "arc_agi": 0.12599999999999992,
    "rearc": 0.46800000000000014,
    "basic_arithmetic": 0.96,
    "bitwise_arithmetic": 0.4,
    "calendar_arithmetic": 0.9279999999999999,
    "chain_sum": 1.0,
    "count_bits": 0.26,
    "decimal_arithmetic": 0.52,
    "decimal_chain_sum": 0.96,
    "dice": 0.0,
    "fraction_simplification": 0.8320000000000001,
    "gcd": 1.0,
    "gsm_symbolic": 1.0,
    "lcm": 1.0,
    "leg_counting": 0.86,
    "number_format": 0.98,
    "power_function": 0.48520000000000024,
    "prime_factorization": 1.0,
    "products": 0.66,
    "time_intervals": 0.9997148601851852,
    "bf": 0.26,
    "codeio": 0.43939704651954636,
    "color_cube_rotation": 0.6832000000000003,
    "figlet_font": 0.05200000000000002,
    "modulo_grid": 0.64,
    "needle_haystack": 0.98,
    "number_sequence": 0.975,
    "rectangle_count": 0.5,
    "rubiks_cube": 0.04999999999999998,
    "boxnet": 0.7270000000000002,
    "countdown": 0.30500000000000016,
    "emoji_mystery": 0.013586013986013992,
    "futoshiki": 0.5598027947845805,
    "knight_swap": 0.1,
    "mahjong_puzzle": 0.8,
    "maze": 0.09,
    "mini_sudoku": 0.9175,
    "n_queens": 0.12,
    "puzzle24": 0.9009999999999999,
    "rush_hour": 0.010000000000000004,
    "sokoban": 0.0,
    "sudoku": 0.6942222222222223,
    "tower_of_hanoi": 0.5822442396313364,
    "tsumego": 0.27800000000000025,
    "advanced_geometry": 0.6896000000000002,
    "simple_geometry": 0.99,
    "course_schedule": 0.94,
    "family_relationships": 0.82,
    "largest_island": 0.78,
    "quantum_lock": 0.87,
    "shortest_path": 0.1,
    "acre": 0.82,
    "list_functions": 0.76,
    "aiw": 0.68,
    "circuit_logic": 0.98,
    "knights_knaves": 0.993,
    "propositional_logic": 0.8080000000000002,
    "self_reference": 0.34,
    "syllogism": 0.88,
    "zebra_puzzles": 0.84
  },
  "dataset_mean_scores": {
    "complex_arithmetic": 0.9933333333333334,
    "intermediate_integration": 0.96,
    "polynomial_equations": 0.9698720612010987,
    "polynomial_multiplication": 0.74,
    "simple_equations": 1.0,
    "simple_integration": 0.9333333333333335,
    "ab": 0.03333333333333333,
    "base_conversion": 0.9933333333333333,
    "binary_alternation": 0.32,
    "binary_matrix": 0.20666666666666664,
    "caesar_cipher": 0.013333333333333332,
    "count_primes": 0.013333333333333332,
    "cryptarithm": 0.38462222222222214,
    "game_of_life": 0.9186666666666667,
    "game_of_life_halting": 1.0,
    "graph_color": 0.9934000000000001,
    "group_anagrams": 0.9406000000000002,
    "isomorphic_strings": 0.94,
    "jugs": 0.4720000000000001,
    "letter_counting": 0.6533333333333334,
    "letter_jumble": 0.748264078714543,
    "manipulate_matrix": 0.5183202099737533,
    "number_filtering": 0.8733333333333334,
    "number_sorting": 1.0,
    "palindrome_generation": 0.7269999999999998,
    "palindrome_partitioning": 0.08,
    "pool_matrix": 0.4053333333333334,
    "ransom_note": 0.88,
    "rotate_matrix": 0.7400000000000001,
    "rotten_oranges": 0.10333333333333332,
    "sentence_reordering": 0.29069251497270093,
    "spell_backward": 0.9552195767195767,
    "spiral_matrix": 0.22000000000000003,
    "string_insertion": 0.38,
    "string_manipulation": 0.3066666666666667,
    "string_splitting": 0.9199999999999997,
    "string_synthesis": 0.8000000000000002,
    "word_ladder": 0.13,
    "word_sequence_reversal": 0.9866666666666667,
    "word_sorting": 0.8767804232804234,
    "arc_1d": 0.38,
    "arc_agi": 0.11199999999999993,
    "rearc": 0.37300000000000016,
    "basic_arithmetic": 0.9333333333333335,
    "bitwise_arithmetic": 0.3,
    "calendar_arithmetic": 0.8585344392531757,
    "chain_sum": 1.0,
    "count_bits": 0.1733333333333333,
    "decimal_arithmetic": 0.4333333333333333,
    "decimal_chain_sum": 0.9,
    "dice": 0.0,
    "fraction_simplification": 0.7826666666666665,
    "gcd": 1.0,
    "gsm_symbolic": 1.0,
    "lcm": 1.0,
    "leg_counting": 0.82,
    "number_format": 0.9666666666666667,
    "power_function": 0.44560000000000033,
    "prime_factorization": 1.0,
    "products": 0.6333333333333333,
    "time_intervals": 0.9990165885802469,
    "bf": 0.10666666666666665,
    "codeio": 0.3300387573789125,
    "color_cube_rotation": 0.43239999999999995,
    "figlet_font": 0.03600000000000001,
    "modulo_grid": 0.34634848484848485,
    "needle_haystack": 0.9666666666666667,
    "number_sequence": 0.9016666666666666,
    "rectangle_count": 0.3733333333333333,
    "rubiks_cube": 0.04333333333333334,
    "boxnet": 0.4933555555555559,
    "countdown": 0.18020000000000005,
    "emoji_mystery": 0.011195337995338001,
    "futoshiki": 0.47975018823886084,
    "knight_swap": 0.03333333333333333,
    "mahjong_puzzle": 0.48,
    "maze": 0.07333333333333333,
    "mini_sudoku": 0.776875,
    "n_queens": 0.05999999999999999,
    "puzzle24": 0.6634000000000002,
    "rush_hour": 0.010000000000000004,
    "sokoban": 0.0,
    "sudoku": 0.5835075117956801,
    "tower_of_hanoi": 0.4553056835637481,
    "tsumego": 0.1576666666666666,
    "advanced_geometry": 0.5251333333333336,
    "simple_geometry": 0.9666666666666666,
    "course_schedule": 0.8733333333333333,
    "family_relationships": 0.82,
    "largest_island": 0.6,
    "quantum_lock": 0.6266666666666666,
    "shortest_path": 0.03333333333333333,
    "acre": 0.7266666666666667,
    "list_functions": 0.7066666666666666,
    "aiw": 0.5533333333333333,
    "circuit_logic": 0.7866666666666667,
    "knights_knaves": 0.9726666666666667,
    "propositional_logic": 0.7213333333333334,
    "self_reference": 0.13999999999999996,
    "syllogism": 0.88,
    "zebra_puzzles": 0.64
  },
  "timestamp": "2025-04-06T08:25:57.721474",
  "git_hash": "dced3bfc45c26fd956c1c95c33b7b349785ae3f8",
  "model": "meta-llama/llama-4-maverick",
  "provider": "Together",
  "system_prompt": "Given a problem, your task is to answer the question by thinking step-by-step in a clear and specific manner.\nOnce you have thought about the reasoning process, provide the answer in the following format:\n<answer>answer here</answer>\nDo not explain your reasoning inside the answer tags, provide only the final answer. When an example is provided, you should strictly follow the format of the output/answer in that example.\n",
  "max_tokens": 32768,
  "temperature": 0.6,
  "top_p": 0.95,
  "completions_per_prompt": 3,
  "duration_seconds": 10749.010349,
  "partial": false
}