{
  "total_datasets": 100,
  "total_examples": 5000,
  "dataset_best_scores": {
    "complex_arithmetic": 1.0,
    "intermediate_integration": 0.84,
    "polynomial_equations": 0.9160315009957896,
    "polynomial_multiplication": 0.8,
    "simple_equations": 1.0,
    "simple_integration": 0.8,
    "ab": 0.12,
    "base_conversion": 0.98,
    "binary_alternation": 0.64,
    "binary_matrix": 0.2,
    "caesar_cipher": 0.6,
    "count_primes": 0.08,
    "cryptarithm": 0.42582222222222227,
    "game_of_life": 0.9462,
    "game_of_life_halting": 1.0,
    "graph_color": 0.9802000000000001,
    "group_anagrams": 1.0,
    "isomorphic_strings": 0.92,
    "jugs": 0.406,
    "letter_counting": 0.8,
    "letter_jumble": 0.9303302870160454,
    "manipulate_matrix": 0.36986111111111114,
    "number_filtering": 0.98,
    "number_sorting": 0.0,
    "palindrome_generation": 0.8646,
    "palindrome_partitioning": 0.18,
    "pool_matrix": 0.5380000000000001,
    "ransom_note": 0.96,
    "rotate_matrix": 0.88,
    "rotten_oranges": 0.26,
    "sentence_reordering": 0.36510025062656654,
    "spell_backward": 1.0,
    "spiral_matrix": 0.38,
    "string_insertion": 0.96,
    "string_manipulation": 0.136,
    "string_splitting": 0.9,
    "string_synthesis": 0.54,
    "word_ladder": 0.2475,
    "word_sequence_reversal": 1.0,
    "word_sorting": 0.88,
    "arc_1d": 0.54,
    "arc_agi": 0.2970000000000001,
    "rearc": 0.48700000000000015,
    "basic_arithmetic": 0.98,
    "bitwise_arithmetic": 0.42,
    "calendar_arithmetic": 0.962658239207743,
    "chain_sum": 1.0,
    "count_bits": 0.24,
    "decimal_arithmetic": 0.88,
    "decimal_chain_sum": 0.98,
    "dice": 0.0,
    "fraction_simplification": 0.5700000000000002,
    "gcd": 1.0,
    "gsm_symbolic": 1.0,
    "lcm": 1.0,
    "leg_counting": 0.92,
    "number_format": 1.0,
    "power_function": 0.6040000000000004,
    "prime_factorization": 1.0,
    "products": 0.94,
    "time_intervals": 0.7790676379629629,
    "bf": 0.52,
    "codeio": 0.4347582194680381,
    "color_cube_rotation": 0.6634000000000002,
    "figlet_font": 0.29399999999999993,
    "modulo_grid": 0.86,
    "needle_haystack": 1.0,
    "number_sequence": 0.82,
    "rectangle_count": 0.66,
    "rubiks_cube": 0.06899999999999991,
    "countdown": 0.4680000000000002,
    "emoji_mystery": 0.043895380611580916,
    "futoshiki": 0.5416359750566895,
    "knight_swap": 0.06,
    "mahjong_puzzle": 0.5633427443670851,
    "maze": 0.52,
    "mini_sudoku": 0.8267500000000001,
    "n_queens": 0.32,
    "puzzle24": 0.46540000000000004,
    "rush_hour": 0.010000000000000004,
    "sokoban": 0.0,
    "sudoku": 0.7564444444444444,
    "tower_of_hanoi": 0.5011013824884794,
    "tsumego": 0.7339999999999998,
    "advanced_geometry": 0.11699999999999983,
    "simple_geometry": 0.9840000000000001,
    "course_schedule": 0.92,
    "family_relationships": 0.86,
    "largest_island": 0.68,
    "quantum_lock": 0.61,
    "shortest_path": 0.42,
    "acre": 0.9,
    "list_functions": 0.88,
    "aiw": 0.3,
    "circuit_logic": 0.98,
    "knights_knaves": 0.9319999999999999,
    "propositional_logic": 0.662,
    "self_reference": 0.1,
    "syllogism": 0.88,
    "zebra_puzzles": 0.7
  },
  "dataset_mean_scores": {
    "complex_arithmetic": 0.964808444651303,
    "intermediate_integration": 0.6933333333333331,
    "polynomial_equations": 0.8846026264587036,
    "polynomial_multiplication": 0.72,
    "simple_equations": 1.0,
    "simple_integration": 0.7266666666666667,
    "ab": 0.07333333333333333,
    "base_conversion": 0.94,
    "binary_alternation": 0.3066666666666667,
    "binary_matrix": 0.12666666666666665,
    "caesar_cipher": 0.4663194425945164,
    "count_primes": 0.04666666666666667,
    "cryptarithm": 0.36489074074074074,
    "game_of_life": 0.9336666666666666,
    "game_of_life_halting": 1.0,
    "graph_color": 0.9405333333333332,
    "group_anagrams": 0.9670000000000002,
    "isomorphic_strings": 0.8533333333333334,
    "jugs": 0.18153333333333319,
    "letter_counting": 0.6733333333333336,
    "letter_jumble": 0.8950384677242262,
    "manipulate_matrix": 0.3299537037037037,
    "number_filtering": 0.96,
    "number_sorting": 0.0,
    "palindrome_generation": 0.7610666666666667,
    "palindrome_partitioning": 0.08,
    "pool_matrix": 0.414,
    "ransom_note": 0.9266666666666667,
    "rotate_matrix": 0.7800000000000002,
    "rotten_oranges": 0.1733333333333333,
    "sentence_reordering": 0.2809992288413342,
    "spell_backward": 0.981,
    "spiral_matrix": 0.2866666666666667,
    "string_insertion": 0.76,
    "string_manipulation": 0.083,
    "string_splitting": 0.6933333333333332,
    "string_synthesis": 0.4200000000000001,
    "word_ladder": 0.1416666666666667,
    "word_sequence_reversal": 1.0,
    "word_sorting": 0.8093333333333333,
    "arc_1d": 0.38000000000000006,
    "arc_agi": 0.22733333333333344,
    "rearc": 0.4363333333333335,
    "basic_arithmetic": 0.95,
    "bitwise_arithmetic": 0.38,
    "calendar_arithmetic": 0.9133150936677465,
    "chain_sum": 1.0,
    "count_bits": 0.09333333333333332,
    "decimal_arithmetic": 0.84,
    "decimal_chain_sum": 0.98,
    "dice": 0.0,
    "fraction_simplification": 0.4425333333333335,
    "gcd": 1.0,
    "gsm_symbolic": 1.0,
    "lcm": 1.0,
    "leg_counting": 0.8933333333333334,
    "number_format": 0.9933333333333333,
    "power_function": 0.4786000000000002,
    "prime_factorization": 0.9735333333333334,
    "products": 0.8600000000000001,
    "time_intervals": 0.6925711720679013,
    "bf": 0.3600000000000001,
    "codeio": 0.35483906003148236,
    "color_cube_rotation": 0.5512000000000002,
    "figlet_font": 0.21999999999999997,
    "modulo_grid": 0.6533333333333333,
    "needle_haystack": 1.0,
    "number_sequence": 0.7933333333333333,
    "rectangle_count": 0.5,
    "rubiks_cube": 0.06239999999999993,
    "countdown": 0.2962000000000002,
    "emoji_mystery": 0.03191607026675342,
    "futoshiki": 0.5000983720710507,
    "knight_swap": 0.02,
    "mahjong_puzzle": 0.4235577749760544,
    "maze": 0.2133333333333333,
    "mini_sudoku": 0.7053333333333334,
    "n_queens": 0.2333333333333333,
    "puzzle24": 0.3201999999999999,
    "rush_hour": 0.008733333333333334,
    "sokoban": 0.0,
    "sudoku": 0.7374074074074073,
    "tower_of_hanoi": 0.3987004608294932,
    "tsumego": 0.5313333333333335,
    "advanced_geometry": 0.06473333333333321,
    "simple_geometry": 0.9204444444444444,
    "course_schedule": 0.8266666666666665,
    "family_relationships": 0.86,
    "largest_island": 0.5533333333333332,
    "quantum_lock": 0.42333333333333334,
    "shortest_path": 0.28,
    "acre": 0.7733333333333333,
    "list_functions": 0.8133333333333332,
    "aiw": 0.22888888888888886,
    "circuit_logic": 0.7933333333333334,
    "knights_knaves": 0.795333333333333,
    "propositional_logic": 0.6060000000000001,
    "self_reference": 0.06666666666666667,
    "syllogism": 0.8733333333333334,
    "zebra_puzzles": 0.5066666666666666
  },
  "timestamp": "2025-03-15T16:37:13.541789",
  "git_hash": "ea737491d337d8b1e34bb638af13183aedc92d39",
  "model": "anthropic/claude-3.5-sonnet",
  "provider": "Anthropic",
  "system_prompt": "Given a problem, your task is to answer the question by thinking step-by-step in a clear and specific manner.\nOnce you have thought about the reasoning process, provide the answer in the following format:\n<answer>answer here</answer>\nDo not explain your reasoning inside the answer tags, provide only the final answer. When an example is provided, you should strictly follow the format of the output/answer in that example.\n",
  "max_tokens": 32768,
  "temperature": 0.6,
  "top_p": 0.95,
  "completions_per_prompt": 3,
  "duration_seconds": 6629.237827,
  "partial": false
}