{
  "total_datasets": 100,
  "total_examples": 5000,
  "dataset_best_scores": {
    "complex_arithmetic": 0.9857244249997166,
    "intermediate_integration": 0.9,
    "polynomial_equations": 0.837281298601396,
    "polynomial_multiplication": 0.0,
    "simple_equations": 0.4314285714285714,
    "simple_integration": 0.74,
    "ab": 0.0,
    "base_conversion": 0.54,
    "binary_alternation": 0.04,
    "binary_matrix": 0.0,
    "caesar_cipher": 0.0,
    "count_primes": 0.0,
    "cryptarithm": 0.18403333333333338,
    "game_of_life": 0.197016,
    "game_of_life_halting": 1.0,
    "graph_color": 0.4832000000000001,
    "group_anagrams": 0.34259999999999996,
    "isomorphic_strings": 0.4,
    "jugs": 0.08319999999999995,
    "letter_counting": 0.18,
    "letter_jumble": 0.2628119090745125,
    "manipulate_matrix": 0.02,
    "number_filtering": 0.14,
    "number_sorting": 0.12,
    "palindrome_generation": 0.01800000000000001,
    "palindrome_partitioning": 0.02,
    "pool_matrix": 0.002,
    "ransom_note": 0.44,
    "rotate_matrix": 0.16,
    "rotten_oranges": 0.09,
    "sentence_reordering": 0.059613172778689966,
    "spell_backward": 0.8285555555555555,
    "spiral_matrix": 0.0,
    "string_insertion": 0.02,
    "string_manipulation": 0.02,
    "string_splitting": 0.14,
    "string_synthesis": 0.26,
    "word_ladder": 0.15,
    "word_sequence_reversal": 0.14,
    "word_sorting": 0.07686870069912632,
    "arc_1d": 0.06,
    "arc_agi": 0.034000000000000016,
    "rearc": 0.022000000000000006,
    "basic_arithmetic": 0.47,
    "bitwise_arithmetic": 0.0,
    "calendar_arithmetic": 0.8568088634485345,
    "chain_sum": 0.82,
    "count_bits": 0.12,
    "decimal_arithmetic": 0.02,
    "decimal_chain_sum": 0.22,
    "dice": 0.0,
    "fraction_simplification": 0.5720000000000003,
    "gcd": 0.96,
    "gsm_symbolic": 1.0,
    "lcm": 0.0,
    "leg_counting": 0.36,
    "number_format": 0.96,
    "power_function": 0.16839999999999988,
    "prime_factorization": 0.7028000000000002,
    "products": 0.0,
    "time_intervals": 0.9953865731481482,
    "bf": 0.0,
    "codeio": 0.11394482100454977,
    "color_cube_rotation": 0.2073999999999999,
    "figlet_font": 0.05000000000000001,
    "modulo_grid": 0.08827842804024366,
    "needle_haystack": 0.7,
    "number_sequence": 0.98,
    "rectangle_count": 0.1,
    "rubiks_cube": 0.025600000000000015,
    "countdown": 0.16399999999999995,
    "emoji_mystery": 0.010000000000000004,
    "futoshiki": 0.16788702700014915,
    "knight_swap": 0.62,
    "mahjong_puzzle": 0.16,
    "maze": 0.0,
    "mini_sudoku": 0.1705677820279917,
    "n_queens": 0.0,
    "puzzle24": 0.4046,
    "rush_hour": 0.009000000000000005,
    "sokoban": 0.0,
    "sudoku": 0.12033773872373596,
    "tower_of_hanoi": 0.0,
    "tsumego": 0.08599999999999992,
    "advanced_geometry": 0.11579999999999988,
    "simple_geometry": 0.8053333333333333,
    "course_schedule": 0.5,
    "family_relationships": 0.76,
    "largest_island": 0.0,
    "quantum_lock": 0.33,
    "shortest_path": 0.56,
    "acre": 0.44,
    "list_functions": 0.64,
    "aiw": 0.28,
    "circuit_logic": 0.54,
    "knights_knaves": 0.47266666666666673,
    "propositional_logic": 0.47900000000000004,
    "self_reference": 0.02,
    "syllogism": 0.94,
    "zebra_puzzles": 0.3
  },
  "dataset_mean_scores": {
    "complex_arithmetic": 0.9857244249997166,
    "intermediate_integration": 0.9,
    "polynomial_equations": 0.837281298601396,
    "polynomial_multiplication": 0.0,
    "simple_equations": 0.4314285714285714,
    "simple_integration": 0.74,
    "ab": 0.0,
    "base_conversion": 0.54,
    "binary_alternation": 0.04,
    "binary_matrix": 0.0,
    "caesar_cipher": 0.0,
    "count_primes": 0.0,
    "cryptarithm": 0.18403333333333338,
    "game_of_life": 0.197016,
    "game_of_life_halting": 1.0,
    "graph_color": 0.4832000000000001,
    "group_anagrams": 0.34259999999999996,
    "isomorphic_strings": 0.4,
    "jugs": 0.08319999999999995,
    "letter_counting": 0.18,
    "letter_jumble": 0.2628119090745125,
    "manipulate_matrix": 0.02,
    "number_filtering": 0.14,
    "number_sorting": 0.12,
    "palindrome_generation": 0.01800000000000001,
    "palindrome_partitioning": 0.02,
    "pool_matrix": 0.002,
    "ransom_note": 0.44,
    "rotate_matrix": 0.16,
    "rotten_oranges": 0.09,
    "sentence_reordering": 0.059613172778689966,
    "spell_backward": 0.8285555555555555,
    "spiral_matrix": 0.0,
    "string_insertion": 0.02,
    "string_manipulation": 0.02,
    "string_splitting": 0.14,
    "string_synthesis": 0.26,
    "word_ladder": 0.15,
    "word_sequence_reversal": 0.14,
    "word_sorting": 0.07686870069912632,
    "arc_1d": 0.06,
    "arc_agi": 0.034000000000000016,
    "rearc": 0.022000000000000006,
    "basic_arithmetic": 0.47,
    "bitwise_arithmetic": 0.0,
    "calendar_arithmetic": 0.8568088634485345,
    "chain_sum": 0.82,
    "count_bits": 0.12,
    "decimal_arithmetic": 0.02,
    "decimal_chain_sum": 0.22,
    "dice": 0.0,
    "fraction_simplification": 0.5720000000000003,
    "gcd": 0.96,
    "gsm_symbolic": 1.0,
    "lcm": 0.0,
    "leg_counting": 0.36,
    "number_format": 0.96,
    "power_function": 0.16839999999999988,
    "prime_factorization": 0.7028000000000002,
    "products": 0.0,
    "time_intervals": 0.9953865731481482,
    "bf": 0.0,
    "codeio": 0.11394482100454977,
    "color_cube_rotation": 0.2073999999999999,
    "figlet_font": 0.05000000000000001,
    "modulo_grid": 0.08827842804024366,
    "needle_haystack": 0.7,
    "number_sequence": 0.98,
    "rectangle_count": 0.1,
    "rubiks_cube": 0.025600000000000015,
    "countdown": 0.1677999999999999,
    "emoji_mystery": 0.010000000000000004,
    "futoshiki": 0.16788702700014915,
    "knight_swap": 0.62,
    "mahjong_puzzle": 0.16,
    "maze": 0.0,
    "mini_sudoku": 0.1705677820279917,
    "n_queens": 0.0,
    "puzzle24": 0.4059999999999999,
    "rush_hour": 0.009000000000000005,
    "sokoban": 0.0,
    "sudoku": 0.12033773872373596,
    "tower_of_hanoi": 0.0,
    "tsumego": 0.08599999999999992,
    "advanced_geometry": 0.11579999999999988,
    "simple_geometry": 0.8053333333333333,
    "course_schedule": 0.5,
    "family_relationships": 0.76,
    "largest_island": 0.0,
    "quantum_lock": 0.33,
    "shortest_path": 0.56,
    "acre": 0.44,
    "list_functions": 0.64,
    "aiw": 0.28,
    "circuit_logic": 0.54,
    "knights_knaves": 0.47266666666666673,
    "propositional_logic": 0.47900000000000004,
    "self_reference": 0.02,
    "syllogism": 0.94,
    "zebra_puzzles": 0.3
  },
  "timestamp": "2025-04-12T12:43:52.589431",
  "git_hash": "2ad86a9237b1b9fa810985d00753f0ac0a6e3a5a",
  "model": "meta-llama/llama-4-scout",
  "provider": "DeepInfra",
  "system_prompt": "Given a problem, your task is to answer the question by thinking step-by-step in a clear and specific manner.\nOnce you have thought about the reasoning process, provide the answer in the following format:\n<answer>answer here</answer>\nDo not explain your reasoning inside the answer tags, provide only the final answer. When an example is provided, you should strictly follow the format of the output/answer in that example.\n",
  "max_tokens": 32768,
  "temperature": 0.6,
  "top_p": 0.95,
  "completions_per_prompt": 1,
  "duration_seconds": 11022.819755,
  "partial": false
}