{
  "total_datasets": 101,
  "total_examples": 5050,
  "dataset_best_scores": {
    "complex_arithmetic": 0.9801247815334225,
    "intermediate_integration": 0.84,
    "polynomial_equations": 0.9341543882817206,
    "polynomial_multiplication": 0.52,
    "simple_equations": 1.0,
    "simple_integration": 0.7,
    "ab": 0.0,
    "base_conversion": 0.895,
    "binary_alternation": 0.34,
    "binary_matrix": 0.04,
    "caesar_cipher": 0.0,
    "count_primes": 0.0,
    "cryptarithm": 0.36711111111111117,
    "game_of_life": 0.8165999999999998,
    "game_of_life_halting": 1.0,
    "graph_color": 0.6434000000000002,
    "group_anagrams": 0.7414000000000001,
    "isomorphic_strings": 0.8,
    "jugs": 0.048199999999999986,
    "letter_counting": 0.42,
    "letter_jumble": 0.5869912188774419,
    "manipulate_matrix": 0.26,
    "number_filtering": 0.94,
    "number_sorting": 0.8,
    "palindrome_generation": 0.5337999999999998,
    "palindrome_partitioning": 0.0,
    "pool_matrix": 0.27799999999999997,
    "ransom_note": 0.68,
    "rotate_matrix": 0.56,
    "rotten_oranges": 0.12,
    "sentence_reordering": 0.2460331106801695,
    "spell_backward": 0.7789682539682539,
    "spiral_matrix": 0.12,
    "string_insertion": 0.18,
    "string_manipulation": 0.11952727272727273,
    "string_splitting": 0.26,
    "string_synthesis": 0.24,
    "word_ladder": 0.0875,
    "word_sequence_reversal": 0.16,
    "word_sorting": 0.5879523809523808,
    "arc_1d": 0.16,
    "arc_agi": 0.029000000000000012,
    "rearc": 0.18599999999999997,
    "basic_arithmetic": 0.84,
    "bitwise_arithmetic": 0.06,
    "calendar_arithmetic": 0.8514423690418843,
    "chain_sum": 1.0,
    "count_bits": 0.16,
    "decimal_arithmetic": 0.58,
    "decimal_chain_sum": 0.98,
    "dice": 0.0,
    "fraction_simplification": 0.5540000000000002,
    "gcd": 0.98,
    "gsm_symbolic": 0.9802,
    "lcm": 1.0,
    "leg_counting": 0.68,
    "number_format": 0.62,
    "power_function": 0.26739999999999986,
    "prime_factorization": 1.0,
    "products": 0.52,
    "time_intervals": 0.9987669458333335,
    "bf": 0.0,
    "codeio": 0.1972488809614051,
    "color_cube_rotation": 0.24739999999999987,
    "figlet_font": 0.041999999999999996,
    "modulo_grid": 0.02,
    "needle_haystack": 0.96,
    "number_sequence": 0.88,
    "rectangle_count": 0.12,
    "rubiks_cube": 0.04280000000000001,
    "boxnet": 0.06999999999999999,
    "countdown": 0.08099999999999996,
    "emoji_mystery": 0.010000000000000004,
    "futoshiki": 0.25302434634016946,
    "knight_swap": 0.34,
    "mahjong_puzzle": 0.24,
    "maze": 0.1,
    "mini_sudoku": 0.277857961508467,
    "n_queens": 0.0,
    "puzzle24": 0.5640000000000003,
    "rush_hour": 0.009800000000000005,
    "sokoban": 0.02,
    "sudoku": 0.023339583282603226,
    "tower_of_hanoi": 0.0,
    "tsumego": 0.08699999999999992,
    "advanced_geometry": 0.4708000000000003,
    "simple_geometry": 0.8180000000000003,
    "course_schedule": 0.52,
    "family_relationships": 0.66,
    "largest_island": 0.3,
    "quantum_lock": 0.31,
    "shortest_path": 0.04,
    "acre": 0.5,
    "list_functions": 0.62,
    "aiw": 0.28,
    "circuit_logic": 0.68,
    "knights_knaves": 0.8839999999999999,
    "propositional_logic": 0.5930000000000001,
    "self_reference": 0.12,
    "syllogism": 0.94,
    "zebra_puzzles": 0.3
  },
  "dataset_mean_scores": {
    "complex_arithmetic": 0.9801247815334225,
    "intermediate_integration": 0.84,
    "polynomial_equations": 0.9341543882817206,
    "polynomial_multiplication": 0.52,
    "simple_equations": 1.0,
    "simple_integration": 0.7,
    "ab": 0.0,
    "base_conversion": 0.895,
    "binary_alternation": 0.34,
    "binary_matrix": 0.04,
    "caesar_cipher": 0.0,
    "count_primes": 0.0,
    "cryptarithm": 0.36711111111111117,
    "game_of_life": 0.8165999999999998,
    "game_of_life_halting": 1.0,
    "graph_color": 0.6434000000000002,
    "group_anagrams": 0.7414000000000001,
    "isomorphic_strings": 0.8,
    "jugs": 0.048199999999999986,
    "letter_counting": 0.42,
    "letter_jumble": 0.5869912188774419,
    "manipulate_matrix": 0.26,
    "number_filtering": 0.94,
    "number_sorting": 0.8,
    "palindrome_generation": 0.5337999999999998,
    "palindrome_partitioning": 0.0,
    "pool_matrix": 0.27799999999999997,
    "ransom_note": 0.68,
    "rotate_matrix": 0.56,
    "rotten_oranges": 0.12,
    "sentence_reordering": 0.2460331106801695,
    "spell_backward": 0.7789682539682539,
    "spiral_matrix": 0.12,
    "string_insertion": 0.18,
    "string_manipulation": 0.11952727272727273,
    "string_splitting": 0.26,
    "string_synthesis": 0.24,
    "word_ladder": 0.0875,
    "word_sequence_reversal": 0.16,
    "word_sorting": 0.5879523809523808,
    "arc_1d": 0.16,
    "arc_agi": 0.029000000000000012,
    "rearc": 0.18599999999999997,
    "basic_arithmetic": 0.84,
    "bitwise_arithmetic": 0.06,
    "calendar_arithmetic": 0.8514423690418843,
    "chain_sum": 1.0,
    "count_bits": 0.16,
    "decimal_arithmetic": 0.58,
    "decimal_chain_sum": 0.98,
    "dice": 0.0,
    "fraction_simplification": 0.5540000000000002,
    "gcd": 0.98,
    "gsm_symbolic": 0.9802,
    "lcm": 1.0,
    "leg_counting": 0.68,
    "number_format": 0.62,
    "power_function": 0.26739999999999986,
    "prime_factorization": 1.0,
    "products": 0.52,
    "time_intervals": 0.9987669458333335,
    "bf": 0.0,
    "codeio": 0.1972488809614051,
    "color_cube_rotation": 0.24739999999999987,
    "figlet_font": 0.041999999999999996,
    "modulo_grid": 0.02,
    "needle_haystack": 0.96,
    "number_sequence": 0.88,
    "rectangle_count": 0.12,
    "rubiks_cube": 0.04300000000000001,
    "boxnet": 0.06999999999999999,
    "countdown": 0.0853999999999999,
    "emoji_mystery": 0.010000000000000004,
    "futoshiki": 0.25302434634016946,
    "knight_swap": 0.34,
    "mahjong_puzzle": 0.24,
    "maze": 0.1,
    "mini_sudoku": 0.277857961508467,
    "n_queens": 0.0,
    "puzzle24": 0.5644000000000003,
    "rush_hour": 0.009800000000000005,
    "sokoban": 0.02,
    "sudoku": 0.023339583282603226,
    "tower_of_hanoi": 0.0,
    "tsumego": 0.08699999999999992,
    "advanced_geometry": 0.4708000000000003,
    "simple_geometry": 0.8180000000000003,
    "course_schedule": 0.52,
    "family_relationships": 0.66,
    "largest_island": 0.3,
    "quantum_lock": 0.31,
    "shortest_path": 0.04,
    "acre": 0.5,
    "list_functions": 0.62,
    "aiw": 0.28,
    "circuit_logic": 0.68,
    "knights_knaves": 0.8839999999999999,
    "propositional_logic": 0.5930000000000001,
    "self_reference": 0.12,
    "syllogism": 0.94,
    "zebra_puzzles": 0.3
  },
  "timestamp": "2025-04-09T19:56:46.344346",
  "git_hash": "cd1a9ea58b7104ce4c39cd0852a5134d72b5d199",
  "model": "meta-llama/llama-4-scout",
  "provider": "Together",
  "system_prompt": "Given a problem, your task is to answer the question by thinking step-by-step in a clear and specific manner.\nOnce you have thought about the reasoning process, provide the answer in the following format:\n<answer>answer here</answer>\nDo not explain your reasoning inside the answer tags, provide only the final answer. When an example is provided, you should strictly follow the format of the output/answer in that example.\n",
  "max_tokens": 32768,
  "temperature": 0.6,
  "top_p": 0.95,
  "completions_per_prompt": 1,
  "duration_seconds": 6558.679808,
  "partial": false
}