{
  "total_datasets": 100,
  "total_examples": 5000,
  "dataset_best_scores": {
    "complex_arithmetic": 1.0,
    "intermediate_integration": 0.92,
    "polynomial_equations": 0.8899889565459032,
    "polynomial_multiplication": 0.0,
    "simple_equations": 0.8,
    "simple_integration": 0.96,
    "ab": 0.0,
    "base_conversion": 0.94,
    "binary_alternation": 0.06,
    "binary_matrix": 0.0,
    "caesar_cipher": 0.0,
    "count_primes": 0.02,
    "cryptarithm": 0.36827777777777776,
    "game_of_life": 0.584176,
    "game_of_life_halting": 1.0,
    "graph_color": 0.8416,
    "group_anagrams": 0.7227999999999999,
    "isomorphic_strings": 0.54,
    "jugs": 0.6238000000000001,
    "letter_counting": 0.18,
    "letter_jumble": 0.6461861397634258,
    "manipulate_matrix": 0.0,
    "number_filtering": 0.22,
    "number_sorting": 0.72,
    "palindrome_generation": 0.020000000000000007,
    "palindrome_partitioning": 0.08,
    "pool_matrix": 0.004,
    "ransom_note": 0.52,
    "rotate_matrix": 0.06,
    "rotten_oranges": 0.28,
    "sentence_reordering": 0.06020118924762882,
    "spell_backward": 0.8514047619047619,
    "spiral_matrix": 0.0,
    "string_insertion": 0.0,
    "string_manipulation": 0.11946666666666667,
    "string_splitting": 0.7,
    "string_synthesis": 0.32,
    "word_ladder": 0.2675,
    "word_sequence_reversal": 0.96,
    "word_sorting": 0.34200569841923445,
    "arc_1d": 0.34,
    "arc_agi": 0.12499999999999992,
    "rearc": 0.18299999999999994,
    "basic_arithmetic": 0.54,
    "bitwise_arithmetic": 0.06,
    "calendar_arithmetic": 0.9565174939799366,
    "chain_sum": 0.98,
    "count_bits": 0.22,
    "decimal_arithmetic": 0.0,
    "decimal_chain_sum": 0.22,
    "dice": 0.0,
    "fraction_simplification": 0.8499999999999999,
    "gcd": 1.0,
    "gsm_symbolic": 1.0,
    "lcm": 0.24,
    "leg_counting": 0.14,
    "number_format": 0.98,
    "power_function": 0.16839999999999986,
    "prime_factorization": 0.9406,
    "products": 0.0,
    "time_intervals": 0.9983369435185186,
    "bf": 0.0,
    "codeio": 0.20599805917597083,
    "color_cube_rotation": 0.3069999999999999,
    "figlet_font": 0.03400000000000001,
    "modulo_grid": 0.03538244955419991,
    "needle_haystack": 0.92,
    "number_sequence": 0.96,
    "rectangle_count": 0.26,
    "rubiks_cube": 0.03220000000000002,
    "countdown": 0.10199999999999992,
    "emoji_mystery": 0.010000000000000004,
    "futoshiki": 0.4540924687294273,
    "knight_swap": 0.2,
    "mahjong_puzzle": 0.28,
    "maze": 0.0,
    "mini_sudoku": 0.853875,
    "n_queens": 0.0,
    "puzzle24": 0.7228000000000001,
    "rush_hour": 0.010000000000000004,
    "sokoban": 0.0,
    "sudoku": 0.6023253275116234,
    "tower_of_hanoi": 0.12938709677419355,
    "tsumego": 0.12599999999999986,
    "advanced_geometry": 0.15659999999999985,
    "simple_geometry": 1.0,
    "course_schedule": 0.48,
    "family_relationships": 0.84,
    "largest_island": 0.02,
    "quantum_lock": 0.67,
    "shortest_path": 0.0,
    "acre": 0.7,
    "list_functions": 0.72,
    "aiw": 0.6,
    "circuit_logic": 0.48,
    "knights_knaves": 0.9346666666666664,
    "propositional_logic": 0.6519999999999999,
    "self_reference": 0.16,
    "syllogism": 1.0,
    "zebra_puzzles": 0.28
  },
  "dataset_mean_scores": {
    "complex_arithmetic": 1.0,
    "intermediate_integration": 0.92,
    "polynomial_equations": 0.8899889565459032,
    "polynomial_multiplication": 0.0,
    "simple_equations": 0.8,
    "simple_integration": 0.96,
    "ab": 0.0,
    "base_conversion": 0.94,
    "binary_alternation": 0.06,
    "binary_matrix": 0.0,
    "caesar_cipher": 0.0,
    "count_primes": 0.02,
    "cryptarithm": 0.36827777777777776,
    "game_of_life": 0.584176,
    "game_of_life_halting": 1.0,
    "graph_color": 0.8416,
    "group_anagrams": 0.7227999999999999,
    "isomorphic_strings": 0.54,
    "jugs": 0.6238000000000001,
    "letter_counting": 0.18,
    "letter_jumble": 0.6461861397634258,
    "manipulate_matrix": 0.0,
    "number_filtering": 0.22,
    "number_sorting": 0.72,
    "palindrome_generation": 0.020000000000000007,
    "palindrome_partitioning": 0.08,
    "pool_matrix": 0.004,
    "ransom_note": 0.52,
    "rotate_matrix": 0.06,
    "rotten_oranges": 0.28,
    "sentence_reordering": 0.06020118924762882,
    "spell_backward": 0.8514047619047619,
    "spiral_matrix": 0.0,
    "string_insertion": 0.0,
    "string_manipulation": 0.11946666666666667,
    "string_splitting": 0.7,
    "string_synthesis": 0.32,
    "word_ladder": 0.2675,
    "word_sequence_reversal": 0.96,
    "word_sorting": 0.34200569841923445,
    "arc_1d": 0.34,
    "arc_agi": 0.12499999999999992,
    "rearc": 0.18299999999999994,
    "basic_arithmetic": 0.54,
    "bitwise_arithmetic": 0.06,
    "calendar_arithmetic": 0.9565174939799366,
    "chain_sum": 0.98,
    "count_bits": 0.22,
    "decimal_arithmetic": 0.0,
    "decimal_chain_sum": 0.22,
    "dice": 0.0,
    "fraction_simplification": 0.8499999999999999,
    "gcd": 1.0,
    "gsm_symbolic": 1.0,
    "lcm": 0.24,
    "leg_counting": 0.14,
    "number_format": 0.98,
    "power_function": 0.16839999999999986,
    "prime_factorization": 0.9406,
    "products": 0.0,
    "time_intervals": 0.9983369435185186,
    "bf": 0.0,
    "codeio": 0.20599805917597083,
    "color_cube_rotation": 0.3069999999999999,
    "figlet_font": 0.03400000000000001,
    "modulo_grid": 0.03538244955419991,
    "needle_haystack": 0.92,
    "number_sequence": 0.96,
    "rectangle_count": 0.26,
    "rubiks_cube": 0.03260000000000002,
    "countdown": 0.10679999999999985,
    "emoji_mystery": 0.010000000000000004,
    "futoshiki": 0.4540924687294273,
    "knight_swap": 0.2,
    "mahjong_puzzle": 0.28,
    "maze": 0.0,
    "mini_sudoku": 0.853875,
    "n_queens": 0.0,
    "puzzle24": 0.7228000000000001,
    "rush_hour": 0.010000000000000004,
    "sokoban": 0.0,
    "sudoku": 0.6023253275116234,
    "tower_of_hanoi": 0.12938709677419355,
    "tsumego": 0.12599999999999986,
    "advanced_geometry": 0.15659999999999985,
    "simple_geometry": 1.0,
    "course_schedule": 0.48,
    "family_relationships": 0.84,
    "largest_island": 0.02,
    "quantum_lock": 0.67,
    "shortest_path": 0.0,
    "acre": 0.7,
    "list_functions": 0.72,
    "aiw": 0.6,
    "circuit_logic": 0.48,
    "knights_knaves": 0.9346666666666664,
    "propositional_logic": 0.6519999999999999,
    "self_reference": 0.16,
    "syllogism": 1.0,
    "zebra_puzzles": 0.28
  },
  "timestamp": "2025-04-12T15:08:02.680351",
  "git_hash": "2ad86a9237b1b9fa810985d00753f0ac0a6e3a5a",
  "model": "meta-llama/llama-4-maverick",
  "provider": "DeepInfra",
  "system_prompt": "Given a problem, your task is to answer the question by thinking step-by-step in a clear and specific manner.\nOnce you have thought about the reasoning process, provide the answer in the following format:\n<answer>answer here</answer>\nDo not explain your reasoning inside the answer tags, provide only the final answer. When an example is provided, you should strictly follow the format of the output/answer in that example.\n",
  "max_tokens": 32768,
  "temperature": 0.6,
  "top_p": 0.95,
  "completions_per_prompt": 1,
  "duration_seconds": 30344.179964,
  "partial": false
}